orig,dest,year,age,flow
North-West,North-West,1970,1,0
North-East,North-West,1970,1,2350
Center,North-West,1970,1,1687
South,North-West,1970,1,9697
Islands,North-West,1970,1,5139
North-West,North-East,1970,1,2448
North-East,North-East,1970,1,0
Center,North-East,1970,1,1063
South,North-East,1970,1,1560
Islands,North-East,1970,1,689
North-West,Center,1970,1,2097
North-East,Center,1970,1,1183
Center,Center,1970,1,0
South,Center,1970,1,3505
Islands,Center,1970,1,1302
North-West,South,1970,1,4602
North-East,South,1970,1,977
Center,South,1970,1,2105
South,South,1970,1,0
Islands,South,1970,1,746
North-West,Islands,1970,1,2630
North-East,Islands,1970,1,463
Center,Islands,1970,1,779
South,Islands,1970,1,660
Islands,Islands,1970,1,0
North-West,North-West,1970,2,0
North-East,North-West,1970,2,2010
Center,North-West,1970,2,1467
South,North-West,1970,2,9388
Islands,North-West,1970,2,4854
North-West,North-East,1970,2,2320
North-East,North-East,1970,2,0
Center,North-East,1970,2,928
South,North-East,1970,2,1471
Islands,North-East,1970,2,608
North-West,Center,1970,2,1771
North-East,Center,1970,2,1069
Center,Center,1970,2,0
South,Center,1970,2,3353
Islands,Center,1970,2,1255
North-West,South,1970,2,3365
North-East,South,1970,2,736
Center,South,1970,2,1703
South,South,1970,2,0
Islands,South,1970,2,554
North-West,Islands,1970,2,2074
North-East,Islands,1970,2,357
Center,Islands,1970,2,628
South,Islands,1970,2,533
Islands,Islands,1970,2,0
North-West,North-West,1970,3,0
North-East,North-West,1970,3,1350
Center,North-West,1970,3,918
South,North-West,1970,3,7819
Islands,North-West,1970,3,4009
North-West,North-East,1970,3,1510
North-East,North-East,1970,3,0
Center,North-East,1970,3,632
South,North-East,1970,3,1028
Islands,North-East,1970,3,465
North-West,Center,1970,3,1022
North-East,Center,1970,3,653
Center,Center,1970,3,0
South,Center,1970,3,2621
Islands,Center,1970,3,974
North-West,South,1970,3,1887
North-East,South,1970,3,394
Center,South,1970,3,1029
South,South,1970,3,0
Islands,South,1970,3,331
North-West,Islands,1970,3,1300
North-East,Islands,1970,3,203
Center,Islands,1970,3,413
South,Islands,1970,3,312
Islands,Islands,1970,3,0
North-West,North-West,1970,4,0
North-East,North-West,1970,4,1554
Center,North-West,1970,4,1114
South,North-West,1970,4,12704
Islands,North-West,1970,4,6092
North-West,North-East,1970,4,1279
North-East,North-East,1970,4,0
Center,North-East,1970,4,660
South,North-East,1970,4,1675
Islands,North-East,1970,4,675
North-West,Center,1970,4,817
North-East,Center,1970,4,529
Center,Center,1970,4,0
South,Center,1970,4,3476
Islands,Center,1970,4,1321
North-West,South,1970,4,2609
North-East,South,1970,4,504
Center,South,1970,4,1221
South,South,1970,4,0
Islands,South,1970,4,438
North-West,Islands,1970,4,1766
North-East,Islands,1970,4,280
Center,Islands,1970,4,527
South,Islands,1970,4,491
Islands,Islands,1970,4,0
North-West,North-West,1970,5,0
North-East,North-West,1970,5,4732
Center,North-West,1970,5,3762
South,North-West,1970,5,21206
Islands,North-West,1970,5,10072
North-West,North-East,1970,5,2922
North-East,North-East,1970,5,0
Center,North-East,1970,5,2054
South,North-East,1970,5,3757
Islands,North-East,1970,5,1464
North-West,Center,1970,5,2234
North-East,Center,1970,5,1810
Center,Center,1970,5,0
South,Center,1970,5,7310
Islands,Center,1970,5,2770
North-West,South,1970,5,5315
North-East,South,1970,5,1124
Center,South,1970,5,2715
South,South,1970,5,0
Islands,South,1970,5,1323
North-West,Islands,1970,5,3295
North-East,Islands,1970,5,657
Center,Islands,1970,5,1355
South,Islands,1970,5,1554
Islands,Islands,1970,5,0
North-West,North-West,1970,6,0
North-East,North-West,1970,6,4343
Center,North-West,1970,6,3554
South,North-West,1970,6,13103
Islands,North-West,1970,6,6757
North-West,North-East,1970,6,3246
North-East,North-East,1970,6,0
Center,North-East,1970,6,2015
South,North-East,1970,6,2560
Islands,North-East,1970,6,1102
North-West,Center,1970,6,2932
North-East,Center,1970,6,2038
Center,Center,1970,6,0
South,Center,1970,6,5214
Islands,Center,1970,6,2197
North-West,South,1970,6,5210
North-East,South,1970,6,1278
Center,South,1970,6,2680
South,South,1970,6,0
Islands,South,1970,6,1168
North-West,Islands,1970,6,2983
North-East,Islands,1970,6,663
Center,Islands,1970,6,1214
South,Islands,1970,6,1031
Islands,Islands,1970,6,0
North-West,North-West,1970,7,0
North-East,North-West,1970,7,3066
Center,North-West,1970,7,2365
South,North-West,1970,7,7618
Islands,North-West,1970,7,4119
North-West,North-East,1970,7,2980
North-East,North-East,1970,7,0
Center,North-East,1970,7,1436
South,North-East,1970,7,1678
Islands,North-East,1970,7,742
North-West,Center,1970,7,2627
North-East,Center,1970,7,1494
Center,Center,1970,7,0
South,Center,1970,7,3774
Islands,Center,1970,7,1379
North-West,South,1970,7,3836
North-East,South,1970,7,976
Center,South,1970,7,2090
South,South,1970,7,0
Islands,South,1970,7,806
North-West,Islands,1970,7,2097
North-East,Islands,1970,7,483
Center,Islands,1970,7,786
South,Islands,1970,7,676
Islands,Islands,1970,7,0
North-West,North-West,1970,8,0
North-East,North-West,1970,8,1909
Center,North-West,1970,8,1382
South,North-West,1970,8,5082
Islands,North-West,1970,8,2794
North-West,North-East,1970,8,2240
North-East,North-East,1970,8,0
Center,North-East,1970,8,940
South,North-East,1970,8,980
Islands,North-East,1970,8,429
North-West,Center,1970,8,1724
North-East,Center,1970,8,1013
Center,Center,1970,8,0
South,Center,1970,8,2531
Islands,Center,1970,8,934
North-West,South,1970,8,2204
North-East,South,1970,8,570
Center,South,1970,8,1482
South,South,1970,8,0
Islands,South,1970,8,455
North-West,Islands,1970,8,1322
North-East,Islands,1970,8,266
Center,Islands,1970,8,503
South,Islands,1970,8,389
Islands,Islands,1970,8,0
North-West,North-West,1970,9,0
North-East,North-West,1970,9,1468
Center,North-West,1970,9,1077
South,North-West,1970,9,4353
Islands,North-West,1970,9,2211
North-West,North-East,1970,9,1683
North-East,North-East,1970,9,0
Center,North-East,1970,9,732
South,North-East,1970,9,811
Islands,North-East,1970,9,348
North-West,Center,1970,9,1257
North-East,Center,1970,9,794
Center,Center,1970,9,0
South,Center,1970,9,2042
Islands,Center,1970,9,763
North-West,South,1970,9,1477
North-East,South,1970,9,380
Center,South,1970,9,1070
South,South,1970,9,0
Islands,South,1970,9,312
North-West,Islands,1970,9,887
North-East,Islands,1970,9,189
Center,Islands,1970,9,388
South,Islands,1970,9,273
Islands,Islands,1970,9,0
North-West,North-West,1970,10,0
North-East,North-West,1970,10,1163
Center,North-West,1970,10,840
South,North-West,1970,10,3426
Islands,North-West,1970,10,1731
North-West,North-East,1970,10,1346
North-East,North-East,1970,10,0
Center,North-East,1970,10,622
South,North-East,1970,10,598
Islands,North-East,1970,10,253
North-West,Center,1970,10,942
North-East,Center,1970,10,604
Center,Center,1970,10,0
South,Center,1970,10,1608
Islands,Center,1970,10,578
North-West,South,1970,10,1071
North-East,South,1970,10,281
Center,South,1970,10,876
South,South,1970,10,0
Islands,South,1970,10,221
North-West,Islands,1970,10,691
North-East,Islands,1970,10,152
Center,Islands,1970,10,301
South,Islands,1970,10,239
Islands,Islands,1970,10,0
North-West,North-West,1970,11,0
North-East,North-West,1970,11,703
Center,North-West,1970,11,529
South,North-West,1970,11,1975
Islands,North-West,1970,11,1048
North-West,North-East,1970,11,861
North-East,North-East,1970,11,0
Center,North-East,1970,11,436
South,North-East,1970,11,372
Islands,North-East,1970,11,158
North-West,Center,1970,11,615
North-East,Center,1970,11,404
Center,Center,1970,11,0
South,Center,1970,11,1013
Islands,Center,1970,11,376
North-West,South,1970,11,645
North-East,South,1970,11,197
Center,South,1970,11,558
South,South,1970,11,0
Islands,South,1970,11,134
North-West,Islands,1970,11,449
North-East,Islands,1970,11,93
Center,Islands,1970,11,214
South,Islands,1970,11,154
Islands,Islands,1970,11,0
North-West,North-West,1970,12,0
North-East,North-West,1970,12,793
Center,North-West,1970,12,558
South,North-West,1970,12,1631
Islands,North-West,1970,12,944
North-West,North-East,1970,12,1166
North-East,North-East,1970,12,0
Center,North-East,1970,12,474
South,North-East,1970,12,283
Islands,North-East,1970,12,146
North-West,Center,1970,12,679
North-East,Center,1970,12,400
Center,Center,1970,12,0
South,Center,1970,12,889
Islands,Center,1970,12,343
North-West,South,1970,12,755
North-East,South,1970,12,175
Center,South,1970,12,568
South,South,1970,12,0
Islands,South,1970,12,154
North-West,Islands,1970,12,451
North-East,Islands,1970,12,93
Center,Islands,1970,12,220
South,Islands,1970,12,135
Islands,Islands,1970,12,0
North-West,North-West,1970,13,0
North-East,North-West,1970,13,718
Center,North-West,1970,13,499
South,North-West,1970,13,1217
Islands,North-West,1970,13,704
North-West,North-East,1970,13,1257
North-East,North-East,1970,13,0
Center,North-East,1970,13,419
South,North-East,1970,13,265
Islands,North-East,1970,13,120
North-West,Center,1970,13,638
North-East,Center,1970,13,338
Center,Center,1970,13,0
South,Center,1970,13,762
Islands,Center,1970,13,285
North-West,South,1970,13,730
North-East,South,1970,13,156
Center,South,1970,13,525
South,South,1970,13,0
Islands,South,1970,13,108
North-West,Islands,1970,13,418
North-East,Islands,1970,13,80
Center,Islands,1970,13,187
South,Islands,1970,13,104
Islands,Islands,1970,13,0
North-West,North-West,1970,14,0
North-East,North-West,1970,14,565
Center,North-West,1970,14,376
South,North-West,1970,14,809
Islands,North-West,1970,14,507
North-West,North-East,1970,14,832
North-East,North-East,1970,14,0
Center,North-East,1970,14,327
South,North-East,1970,14,202
Islands,North-East,1970,14,93
North-West,Center,1970,14,464
North-East,Center,1970,14,255
Center,Center,1970,14,0
South,Center,1970,14,632
Islands,Center,1970,14,236
North-West,South,1970,14,492
North-East,South,1970,14,112
Center,South,1970,14,450
South,South,1970,14,0
Islands,South,1970,14,88
North-West,Islands,1970,14,302
North-East,Islands,1970,14,69
Center,Islands,1970,14,154
South,Islands,1970,14,77
Islands,Islands,1970,14,0
North-West,North-West,1970,15,0
North-East,North-West,1970,15,446
Center,North-West,1970,15,292
South,North-West,1970,15,625
Islands,North-West,1970,15,359
North-West,North-East,1970,15,576
North-East,North-East,1970,15,0
Center,North-East,1970,15,253
South,North-East,1970,15,166
Islands,North-East,1970,15,65
North-West,Center,1970,15,327
North-East,Center,1970,15,176
Center,Center,1970,15,0
South,Center,1970,15,511
Islands,Center,1970,15,207
North-West,South,1970,15,371
North-East,South,1970,15,96
Center,South,1970,15,311
South,South,1970,15,0
Islands,South,1970,15,71
North-West,Islands,1970,15,201
North-East,Islands,1970,15,41
Center,Islands,1970,15,121
South,Islands,1970,15,64
Islands,Islands,1970,15,0
North-West,North-West,1970,16,0
North-East,North-West,1970,16,285
Center,North-West,1970,16,217
South,North-West,1970,16,412
Islands,North-West,1970,16,241
North-West,North-East,1970,16,332
North-East,North-East,1970,16,0
Center,North-East,1970,16,154
South,North-East,1970,16,114
Islands,North-East,1970,16,57
North-West,Center,1970,16,202
North-East,Center,1970,16,139
Center,Center,1970,16,0
South,Center,1970,16,363
Islands,Center,1970,16,139
North-West,South,1970,16,224
North-East,South,1970,16,70
Center,South,1970,16,230
South,South,1970,16,0
Islands,South,1970,16,53
North-West,Islands,1970,16,138
North-East,Islands,1970,16,34
Center,Islands,1970,16,87
South,Islands,1970,16,52
Islands,Islands,1970,16,0
North-West,North-West,1970,17,0
North-East,North-West,1970,17,178
Center,North-West,1970,17,135
South,North-West,1970,17,233
Islands,North-West,1970,17,132
North-West,North-East,1970,17,185
North-East,North-East,1970,17,0
Center,North-East,1970,17,76
South,North-East,1970,17,56
Islands,North-East,1970,17,32
North-West,Center,1970,17,112
North-East,Center,1970,17,81
Center,Center,1970,17,0
South,Center,1970,17,210
Islands,Center,1970,17,82
North-West,South,1970,17,127
North-East,South,1970,17,34
Center,South,1970,17,131
South,South,1970,17,0
Islands,South,1970,17,22
North-West,Islands,1970,17,73
North-East,Islands,1970,17,13
Center,Islands,1970,17,48
South,Islands,1970,17,24
Islands,Islands,1970,17,0
North-West,North-West,1970,18,0
North-East,North-West,1970,18,73
Center,North-West,1970,18,62
South,North-West,1970,18,86
Islands,North-West,1970,18,55
North-West,North-East,1970,18,74
North-East,North-East,1970,18,0
Center,North-East,1970,18,38
South,North-East,1970,18,22
Islands,North-East,1970,18,14
North-West,Center,1970,18,54
North-East,Center,1970,18,35
Center,Center,1970,18,0
South,Center,1970,18,85
Islands,Center,1970,18,34
North-West,South,1970,18,47
North-East,South,1970,18,13
Center,South,1970,18,58
South,South,1970,18,0
Islands,South,1970,18,13
North-West,Islands,1970,18,26
North-East,Islands,1970,18,6
Center,Islands,1970,18,19
South,Islands,1970,18,8
Islands,Islands,1970,18,0
North-West,North-West,1970,19,0
North-East,North-West,1970,19,21
Center,North-West,1970,19,14
South,North-West,1970,19,25
Islands,North-West,1970,19,12
North-West,North-East,1970,19,21
North-East,North-East,1970,19,0
Center,North-East,1970,19,11
South,North-East,1970,19,6
Islands,North-East,1970,19,6
North-West,Center,1970,19,19
North-East,Center,1970,19,10
Center,Center,1970,19,0
South,Center,1970,19,27
Islands,Center,1970,19,13
North-West,South,1970,19,10
North-East,South,1970,19,4
Center,South,1970,19,14
South,South,1970,19,0
Islands,South,1970,19,4
North-West,Islands,1970,19,8
North-East,Islands,1970,19,2
Center,Islands,1970,19,5
South,Islands,1970,19,2
Islands,Islands,1970,19,0
North-West,North-West,1970,20,0
North-East,North-West,1970,20,32
Center,North-West,1970,20,33
South,North-West,1970,20,110
Islands,North-West,1970,20,73
North-West,North-East,1970,20,69
North-East,North-East,1970,20,0
Center,North-East,1970,20,32
South,North-East,1970,20,38
Islands,North-East,1970,20,16
North-West,Center,1970,20,23
North-East,Center,1970,20,25
Center,Center,1970,20,0
South,Center,1970,20,61
Islands,Center,1970,20,23
North-West,South,1970,20,87
North-East,South,1970,20,18
Center,South,1970,20,54
South,South,1970,20,0
Islands,South,1970,20,25
North-West,Islands,1970,20,59
North-East,Islands,1970,20,6
Center,Islands,1970,20,17
South,Islands,1970,20,13
Islands,Islands,1970,20,0
North-West,North-West,1975,1,0
North-East,North-West,1975,1,1102
Center,North-West,1975,1,974
South,North-West,1975,1,3808
Islands,North-West,1975,1,2192
North-West,North-East,1975,1,1543
North-East,North-East,1975,1,0
Center,North-East,1975,1,721
South,North-East,1975,1,1057
Islands,North-East,1975,1,446
North-West,Center,1975,1,1493
North-East,Center,1975,1,702
Center,Center,1975,1,0
South,Center,1975,1,2219
Islands,Center,1975,1,797
North-West,South,1975,1,3976
North-East,South,1975,1,755
Center,South,1975,1,1596
South,South,1975,1,0
Islands,South,1975,1,664
North-West,Islands,1975,1,2121
North-East,Islands,1975,1,369
Center,Islands,1975,1,610
South,Islands,1975,1,516
Islands,Islands,1975,1,0
North-West,North-West,1975,2,0
North-East,North-West,1975,2,1039
Center,North-West,1975,2,880
South,North-West,1975,2,3352
Islands,North-West,1975,2,1958
North-West,North-East,1975,2,1514
North-East,North-East,1975,2,0
Center,North-East,1975,2,655
South,North-East,1975,2,938
Islands,North-East,1975,2,385
North-West,Center,1975,2,1288
North-East,Center,1975,2,639
Center,Center,1975,2,0
South,Center,1975,2,1961
Islands,Center,1975,2,770
North-West,South,1975,2,3036
North-East,South,1975,2,578
Center,South,1975,2,1398
South,South,1975,2,0
Islands,South,1975,2,476
North-West,Islands,1975,2,1801
North-East,Islands,1975,2,306
Center,Islands,1975,2,476
South,Islands,1975,2,441
Islands,Islands,1975,2,0
North-West,North-West,1975,3,0
North-East,North-West,1975,3,824
Center,North-West,1975,3,744
South,North-West,1975,3,3127
Islands,North-West,1975,3,1754
North-West,North-East,1975,3,1339
North-East,North-East,1975,3,0
Center,North-East,1975,3,555
South,North-East,1975,3,813
Islands,North-East,1975,3,366
North-West,Center,1975,3,1031
North-East,Center,1975,3,511
Center,Center,1975,3,0
South,Center,1975,3,1674
Islands,Center,1975,3,657
North-West,South,1975,3,2139
North-East,South,1975,3,452
Center,South,1975,3,1128
South,South,1975,3,0
Islands,South,1975,3,351
North-West,Islands,1975,3,1652
North-East,Islands,1975,3,275
Center,Islands,1975,3,509
South,Islands,1975,3,397
Islands,Islands,1975,3,0
North-West,North-West,1975,4,0
North-East,North-West,1975,4,1122
Center,North-West,1975,4,953
South,North-West,1975,4,8265
Islands,North-West,1975,4,4030
North-West,North-East,1975,4,1312
North-East,North-East,1975,4,0
Center,North-East,1975,4,708
South,North-East,1975,4,1882
Islands,North-East,1975,4,664
North-West,Center,1975,4,926
North-East,Center,1975,4,512
Center,Center,1975,4,0
South,Center,1975,4,3164
Islands,Center,1975,4,1172
North-West,South,1975,4,2920
North-East,South,1975,4,567
Center,South,1975,4,1328
South,South,1975,4,0
Islands,South,1975,4,511
North-West,Islands,1975,4,1923
North-East,Islands,1975,4,315
Center,Islands,1975,4,572
South,Islands,1975,4,575
Islands,Islands,1975,4,0
North-West,North-West,1975,5,0
North-East,North-West,1975,5,2594
Center,North-West,1975,5,2355
South,North-West,1975,5,13303
Islands,North-West,1975,5,6203
North-West,North-East,1975,5,2609
North-East,North-East,1975,5,0
Center,North-East,1975,5,1706
South,North-East,1975,5,3450
Islands,North-East,1975,5,1238
North-West,Center,1975,5,2132
North-East,Center,1975,5,1315
Center,Center,1975,5,0
South,Center,1975,5,6587
Islands,Center,1975,5,2374
North-West,South,1975,5,5512
North-East,South,1975,5,1268
Center,South,1975,5,2795
South,South,1975,5,0
Islands,South,1975,5,1264
North-West,Islands,1975,5,3129
North-East,Islands,1975,5,567
Center,Islands,1975,5,1232
South,Islands,1975,5,1273
Islands,Islands,1975,5,0
North-West,North-West,1975,6,0
North-East,North-West,1975,6,2450
Center,North-West,1975,6,2372
South,North-West,1975,6,8288
Islands,North-West,1975,6,4231
North-West,North-East,1975,6,2837
North-East,North-East,1975,6,0
Center,North-East,1975,6,1635
South,North-East,1975,6,2557
Islands,North-East,1975,6,1023
North-West,Center,1975,6,2702
North-East,Center,1975,6,1459
Center,Center,1975,6,0
South,Center,1975,6,5029
Islands,Center,1975,6,1736
North-West,South,1975,6,6012
North-East,South,1975,6,1302
Center,South,1975,6,3054
South,South,1975,6,0
Islands,South,1975,6,1165
North-West,Islands,1975,6,3189
North-East,Islands,1975,6,610
Center,Islands,1975,6,1117
South,Islands,1975,6,1028
Islands,Islands,1975,6,0
North-West,North-West,1975,7,0
North-East,North-West,1975,7,1525
Center,North-West,1975,7,1419
South,North-West,1975,7,3665
Islands,North-West,1975,7,2039
North-West,North-East,1975,7,2001
North-East,North-East,1975,7,0
Center,North-East,1975,7,959
South,North-East,1975,7,1199
Islands,North-East,1975,7,554
North-West,Center,1975,7,1914
North-East,Center,1975,7,965
Center,Center,1975,7,0
South,Center,1975,7,2517
Islands,Center,1975,7,919
North-West,South,1975,7,3506
North-East,South,1975,7,749
Center,South,1975,7,1814
South,South,1975,7,0
Islands,South,1975,7,619
North-West,Islands,1975,7,2126
North-East,Islands,1975,7,385
Center,Islands,1975,7,654
South,Islands,1975,7,558
Islands,Islands,1975,7,0
North-West,North-West,1975,8,0
North-East,North-West,1975,8,1162
Center,North-West,1975,8,961
South,North-West,1975,8,2358
Islands,North-West,1975,8,1312
North-West,North-East,1975,8,1709
North-East,North-East,1975,8,0
Center,North-East,1975,8,762
South,North-East,1975,8,860
Islands,North-East,1975,8,338
North-West,Center,1975,8,1468
North-East,Center,1975,8,753
Center,Center,1975,8,0
South,Center,1975,8,1820
Islands,Center,1975,8,700
North-West,South,1975,8,2279
North-East,South,1975,8,537
Center,South,1975,8,1416
South,South,1975,8,0
Islands,South,1975,8,397
North-West,Islands,1975,8,1385
North-East,Islands,1975,8,278
Center,Islands,1975,8,497
South,Islands,1975,8,387
Islands,Islands,1975,8,0
North-West,North-West,1975,9,0
North-East,North-West,1975,9,757
Center,North-West,1975,9,683
South,North-West,1975,9,1761
Islands,North-West,1975,9,959
North-West,North-East,1975,9,1217
North-East,North-East,1975,9,0
Center,North-East,1975,9,527
South,North-East,1975,9,573
Islands,North-East,1975,9,230
North-West,Center,1975,9,972
North-East,Center,1975,9,524
Center,Center,1975,9,0
South,Center,1975,9,1342
Islands,Center,1975,9,497
North-West,South,1975,9,1542
North-East,South,1975,9,344
Center,South,1975,9,990
South,South,1975,9,0
Islands,South,1975,9,287
North-West,Islands,1975,9,927
North-East,Islands,1975,9,168
Center,Islands,1975,9,348
South,Islands,1975,9,262
Islands,Islands,1975,9,0
North-West,North-West,1975,10,0
North-East,North-West,1975,10,619
Center,North-West,1975,10,564
South,North-West,1975,10,1396
Islands,North-West,1975,10,758
North-West,North-East,1975,10,1101
North-East,North-East,1975,10,0
Center,North-East,1975,10,444
South,North-East,1975,10,433
Islands,North-East,1975,10,198
North-West,Center,1975,10,782
North-East,Center,1975,10,407
Center,Center,1975,10,0
South,Center,1975,10,1075
Islands,Center,1975,10,384
North-West,South,1975,10,1291
North-East,South,1975,10,277
Center,South,1975,10,925
South,South,1975,10,0
Islands,South,1975,10,209
North-West,Islands,1975,10,733
North-East,Islands,1975,10,154
Center,Islands,1975,10,293
South,Islands,1975,10,200
Islands,Islands,1975,10,0
North-West,North-West,1975,11,0
North-East,North-West,1975,11,547
Center,North-West,1975,11,442
South,North-West,1975,11,1099
Islands,North-West,1975,11,601
North-West,North-East,1975,11,972
North-East,North-East,1975,11,0
Center,North-East,1975,11,383
South,North-East,1975,11,363
Islands,North-East,1975,11,150
North-West,Center,1975,11,668
North-East,Center,1975,11,336
Center,Center,1975,11,0
South,Center,1975,11,862
Islands,Center,1975,11,292
North-West,South,1975,11,1227
North-East,South,1975,11,252
Center,South,1975,11,873
South,South,1975,11,0
Islands,South,1975,11,205
North-West,Islands,1975,11,662
North-East,Islands,1975,11,106
Center,Islands,1975,11,268
South,Islands,1975,11,187
Islands,Islands,1975,11,0
North-West,North-West,1975,12,0
North-East,North-West,1975,12,373
Center,North-West,1975,12,303
South,North-West,1975,12,694
Islands,North-West,1975,12,403
North-West,North-East,1975,12,839
North-East,North-East,1975,12,0
Center,North-East,1975,12,297
South,North-East,1975,12,215
Islands,North-East,1975,12,96
North-West,Center,1975,12,460
North-East,Center,1975,12,242
Center,Center,1975,12,0
South,Center,1975,12,567
Islands,Center,1975,12,211
North-West,South,1975,12,798
North-East,South,1975,12,168
Center,South,1975,12,611
South,South,1975,12,0
Islands,South,1975,12,111
North-West,Islands,1975,12,452
North-East,Islands,1975,12,62
Center,Islands,1975,12,181
South,Islands,1975,12,129
Islands,Islands,1975,12,0
North-West,North-West,1975,13,0
North-East,North-West,1975,13,453
Center,North-West,1975,13,357
South,North-West,1975,13,730
Islands,North-West,1975,13,437
North-West,North-East,1975,13,1117
North-East,North-East,1975,13,0
Center,North-East,1975,13,319
South,North-East,1975,13,230
Islands,North-East,1975,13,110
North-West,Center,1975,13,548
North-East,Center,1975,13,257
Center,Center,1975,13,0
South,Center,1975,13,596
Islands,Center,1975,13,206
North-West,South,1975,13,868
North-East,South,1975,13,154
Center,South,1975,13,565
South,South,1975,13,0
Islands,South,1975,13,120
North-West,Islands,1975,13,487
North-East,Islands,1975,13,59
Center,Islands,1975,13,207
South,Islands,1975,13,93
Islands,Islands,1975,13,0
North-West,North-West,1975,14,0
North-East,North-West,1975,14,377
Center,North-West,1975,14,273
South,North-West,1975,14,592
Islands,North-West,1975,14,317
North-West,North-East,1975,14,631
North-East,North-East,1975,14,0
Center,North-East,1975,14,274
South,North-East,1975,14,176
Islands,North-East,1975,14,64
North-West,Center,1975,14,362
North-East,Center,1975,14,188
Center,Center,1975,14,0
South,Center,1975,14,430
Islands,Center,1975,14,159
North-West,South,1975,14,605
North-East,South,1975,14,118
Center,South,1975,14,419
South,South,1975,14,0
Islands,South,1975,14,76
North-West,Islands,1975,14,317
North-East,Islands,1975,14,42
Center,Islands,1975,14,137
South,Islands,1975,14,73
Islands,Islands,1975,14,0
North-West,North-West,1975,15,0
North-East,North-West,1975,15,281
Center,North-West,1975,15,182
South,North-West,1975,15,410
Islands,North-West,1975,15,239
North-West,North-East,1975,15,389
North-East,North-East,1975,15,0
Center,North-East,1975,15,172
South,North-East,1975,15,110
Islands,North-East,1975,15,42
North-West,Center,1975,15,230
North-East,Center,1975,15,115
Center,Center,1975,15,0
South,Center,1975,15,347
Islands,Center,1975,15,117
North-West,South,1975,15,423
North-East,South,1975,15,103
Center,South,1975,15,334
South,South,1975,15,0
Islands,South,1975,15,73
North-West,Islands,1975,15,177
North-East,Islands,1975,15,31
Center,Islands,1975,15,116
South,Islands,1975,15,54
Islands,Islands,1975,15,0
North-West,North-West,1975,16,0
North-East,North-West,1975,16,215
Center,North-West,1975,16,149
South,North-West,1975,16,312
Islands,North-West,1975,16,166
North-West,North-East,1975,16,220
North-East,North-East,1975,16,0
Center,North-East,1975,16,116
South,North-East,1975,16,71
Islands,North-East,1975,16,27
North-West,Center,1975,16,148
North-East,Center,1975,16,93
Center,Center,1975,16,0
South,Center,1975,16,258
Islands,Center,1975,16,82
North-West,South,1975,16,201
North-East,South,1975,16,65
Center,South,1975,16,190
South,South,1975,16,0
Islands,South,1975,16,43
North-West,Islands,1975,16,115
North-East,Islands,1975,16,14
Center,Islands,1975,16,75
South,Islands,1975,16,40
Islands,Islands,1975,16,0
North-West,North-West,1975,17,0
North-East,North-West,1975,17,110
Center,North-West,1975,17,83
South,North-West,1975,17,147
Islands,North-West,1975,17,80
North-West,North-East,1975,17,131
North-East,North-East,1975,17,0
Center,North-East,1975,17,73
South,North-East,1975,17,33
Islands,North-East,1975,17,15
North-West,Center,1975,17,108
North-East,Center,1975,17,54
Center,Center,1975,17,0
South,Center,1975,17,142
Islands,Center,1975,17,60
North-West,South,1975,17,81
North-East,South,1975,17,16
Center,South,1975,17,95
South,South,1975,17,0
Islands,South,1975,17,23
North-West,Islands,1975,17,53
North-East,Islands,1975,17,11
Center,Islands,1975,17,36
South,Islands,1975,17,18
Islands,Islands,1975,17,0
North-West,North-West,1975,18,0
North-East,North-West,1975,18,52
Center,North-West,1975,18,35
South,North-West,1975,18,58
Islands,North-West,1975,18,34
North-West,North-East,1975,18,58
North-East,North-East,1975,18,0
Center,North-East,1975,18,28
South,North-East,1975,18,17
Islands,North-East,1975,18,6
North-West,Center,1975,18,33
North-East,Center,1975,18,22
Center,Center,1975,18,0
South,Center,1975,18,63
Islands,Center,1975,18,27
North-West,South,1975,18,28
North-East,South,1975,18,5
Center,South,1975,18,39
South,South,1975,18,0
Islands,South,1975,18,8
North-West,Islands,1975,18,19
North-East,Islands,1975,18,5
Center,Islands,1975,18,12
South,Islands,1975,18,6
Islands,Islands,1975,18,0
North-West,North-West,1975,19,0
North-East,North-West,1975,19,14
Center,North-West,1975,19,9
South,North-West,1975,19,10
Islands,North-West,1975,19,9
North-West,North-East,1975,19,16
North-East,North-East,1975,19,0
Center,North-East,1975,19,8
South,North-East,1975,19,3
Islands,North-East,1975,19,2
North-West,Center,1975,19,13
North-East,Center,1975,19,7
Center,Center,1975,19,0
South,Center,1975,19,17
Islands,Center,1975,19,5
North-West,South,1975,19,10
North-East,South,1975,19,5
Center,South,1975,19,15
South,South,1975,19,0
Islands,South,1975,19,3
North-West,Islands,1975,19,6
North-East,Islands,1975,19,1
Center,Islands,1975,19,2
South,Islands,1975,19,2
Islands,Islands,1975,19,0
North-West,North-West,1975,20,0
North-East,North-West,1975,20,3
Center,North-West,1975,20,4
South,North-West,1975,20,2
Islands,North-West,1975,20,1
North-West,North-East,1975,20,2
North-East,North-East,1975,20,0
Center,North-East,1975,20,4
South,North-East,1975,20,1
Islands,North-East,1975,20,1
North-West,Center,1975,20,2
North-East,Center,1975,20,1
Center,Center,1975,20,0
South,Center,1975,20,4
Islands,Center,1975,20,2
North-West,South,1975,20,6
North-East,South,1975,20,2
Center,South,1975,20,3
South,South,1975,20,0
Islands,South,1975,20,0
North-West,Islands,1975,20,2
North-East,Islands,1975,20,1
Center,Islands,1975,20,3
South,Islands,1975,20,0
Islands,Islands,1975,20,0
North-West,North-West,1980,1,0
North-East,North-West,1980,1,834
Center,North-West,1980,1,812
South,North-West,1980,1,3516
Islands,North-West,1980,1,1788
North-West,North-East,1980,1,1165
North-East,North-East,1980,1,0
Center,North-East,1980,1,530
South,North-East,1980,1,1365
Islands,North-East,1980,1,491
North-West,Center,1980,1,1181
North-East,Center,1980,1,596
Center,Center,1980,1,0
South,Center,1980,1,2215
Islands,Center,1980,1,704
North-West,South,1980,1,3413
North-East,South,1980,1,833
Center,South,1980,1,1517
South,South,1980,1,0
Islands,South,1980,1,560
North-West,Islands,1980,1,1924
North-East,Islands,1980,1,364
Center,Islands,1980,1,536
South,Islands,1980,1,577
Islands,Islands,1980,1,0
North-West,North-West,1980,2,0
North-East,North-West,1980,2,772
Center,North-West,1980,2,716
South,North-West,1980,2,2370
Islands,North-West,1980,2,1277
North-West,North-East,1980,2,1299
North-East,North-East,1980,2,0
Center,North-East,1980,2,451
South,North-East,1980,2,990
Islands,North-East,1980,2,364
North-West,Center,1980,2,1255
North-East,Center,1980,2,550
Center,Center,1980,2,0
South,Center,1980,2,1788
Islands,Center,1980,2,620
North-West,South,1980,2,2625
North-East,South,1980,2,598
Center,South,1980,2,1167
South,South,1980,2,0
Islands,South,1980,2,410
North-West,Islands,1980,2,1572
North-East,Islands,1980,2,289
Center,Islands,1980,2,444
South,Islands,1980,2,445
Islands,Islands,1980,2,0
North-West,North-West,1980,3,0
North-East,North-West,1980,3,623
Center,North-West,1980,3,575
South,North-West,1980,3,1848
Islands,North-West,1980,3,1019
North-West,North-East,1980,3,1133
North-East,North-East,1980,3,0
Center,North-East,1980,3,441
South,North-East,1980,3,811
Islands,North-East,1980,3,278
North-West,Center,1980,3,1002
North-East,Center,1980,3,468
Center,Center,1980,3,0
South,Center,1980,3,1488
Islands,Center,1980,3,548
North-West,South,1980,3,1681
North-East,South,1980,3,411
Center,South,1980,3,900
South,South,1980,3,0
Islands,South,1980,3,251
North-West,Islands,1980,3,1096
North-East,Islands,1980,3,188
Center,Islands,1980,3,333
South,Islands,1980,3,292
Islands,Islands,1980,3,0
North-West,North-West,1980,4,0
North-East,North-West,1980,4,837
Center,North-West,1980,4,812
South,North-West,1980,4,5919
Islands,North-West,1980,4,3060
North-West,North-East,1980,4,1161
North-East,North-East,1980,4,0
Center,North-East,1980,4,610
South,North-East,1980,4,2202
Islands,North-East,1980,4,745
North-West,Center,1980,4,972
North-East,Center,1980,4,570
Center,Center,1980,4,0
South,Center,1980,4,2963
Islands,Center,1980,4,1132
North-West,South,1980,4,2529
North-East,South,1980,4,658
Center,South,1980,4,1242
South,South,1980,4,0
Islands,South,1980,4,408
North-West,Islands,1980,4,1527
North-East,Islands,1980,4,273
Center,Islands,1980,4,476
South,Islands,1980,4,373
Islands,Islands,1980,4,0
North-West,North-West,1980,5,0
North-East,North-West,1980,5,1739
Center,North-West,1980,5,2198
South,North-West,1980,5,10692
Islands,North-West,1980,5,5230
North-West,North-East,1980,5,2069
North-East,North-East,1980,5,0
Center,North-East,1980,5,1540
South,North-East,1980,5,4332
Islands,North-East,1980,5,1467
North-West,Center,1980,5,1905
North-East,Center,1980,5,1128
Center,Center,1980,5,0
South,Center,1980,5,5931
Islands,Center,1980,5,2115
North-West,South,1980,5,4792
North-East,South,1980,5,1400
Center,South,1980,5,2706
South,South,1980,5,0
Islands,South,1980,5,791
North-West,Islands,1980,5,2789
North-East,Islands,1980,5,562
Center,Islands,1980,5,983
South,Islands,1980,5,815
Islands,Islands,1980,5,0
North-West,North-West,1980,6,0
North-East,North-West,1980,6,1657
Center,North-West,1980,6,1849
South,North-West,1980,6,6611
Islands,North-West,1980,6,3359
North-West,North-East,1980,6,1927
North-East,North-East,1980,6,0
Center,North-East,1980,6,1238
South,North-East,1980,6,2662
Islands,North-East,1980,6,973
North-West,Center,1980,6,1943
North-East,Center,1980,6,1111
Center,Center,1980,6,0
South,Center,1980,6,4314
Islands,Center,1980,6,1401
North-West,South,1980,6,4398
North-East,South,1980,6,1181
Center,South,1980,6,2412
South,South,1980,6,0
Islands,South,1980,6,677
North-West,Islands,1980,6,2445
North-East,Islands,1980,6,522
Center,Islands,1980,6,822
South,Islands,1980,6,736
Islands,Islands,1980,6,0
North-West,North-West,1980,7,0
North-East,North-West,1980,7,1382
Center,North-West,1980,7,1326
South,North-West,1980,7,3640
Islands,North-West,1980,7,1939
North-West,North-East,1980,7,1743
North-East,North-East,1980,7,0
Center,North-East,1980,7,816
South,North-East,1980,7,1405
Islands,North-East,1980,7,591
North-West,Center,1980,7,1859
North-East,Center,1980,7,874
Center,Center,1980,7,0
South,Center,1980,7,2636
Islands,Center,1980,7,876
North-West,South,1980,7,3563
North-East,South,1980,7,868
Center,South,1980,7,1638
South,South,1980,7,0
Islands,South,1980,7,514
North-West,Islands,1980,7,1949
North-East,Islands,1980,7,386
Center,Islands,1980,7,600
South,Islands,1980,7,474
Islands,Islands,1980,7,0
North-West,North-West,1980,8,0
North-East,North-West,1980,8,960
Center,North-West,1980,8,846
South,North-West,1980,8,1624
Islands,North-West,1980,8,914
North-West,North-East,1980,8,1377
North-East,North-East,1980,8,0
Center,North-East,1980,8,564
South,North-East,1980,8,712
Islands,North-East,1980,8,296
North-West,Center,1980,8,1303
North-East,Center,1980,8,660
Center,Center,1980,8,0
South,Center,1980,8,1491
Islands,Center,1980,8,529
North-West,South,1980,8,1948
North-East,South,1980,8,473
Center,South,1980,8,1061
South,South,1980,8,0
Islands,South,1980,8,301
North-West,Islands,1980,8,1166
North-East,Islands,1980,8,241
Center,Islands,1980,8,383
South,Islands,1980,8,330
Islands,Islands,1980,8,0
North-West,North-West,1980,9,0
North-East,North-West,1980,9,727
Center,North-West,1980,9,687
South,North-West,1980,9,1213
Islands,North-West,1980,9,665
North-West,North-East,1980,9,1179
North-East,North-East,1980,9,0
Center,North-East,1980,9,468
South,North-East,1980,9,538
Islands,North-East,1980,9,205
North-West,Center,1980,9,1090
North-East,Center,1980,9,544
Center,Center,1980,9,0
South,Center,1980,9,1215
Islands,Center,1980,9,444
North-West,South,1980,9,1324
North-East,South,1980,9,355
Center,South,1980,9,870
South,South,1980,9,0
Islands,South,1980,9,220
North-West,Islands,1980,9,844
North-East,Islands,1980,9,189
Center,Islands,1980,9,286
South,Islands,1980,9,243
Islands,Islands,1980,9,0
North-West,North-West,1980,10,0
North-East,North-West,1980,10,514
Center,North-West,1980,10,447
South,North-West,1980,10,891
Islands,North-West,1980,10,456
North-West,North-East,1980,10,918
North-East,North-East,1980,10,0
Center,North-East,1980,10,334
South,North-East,1980,10,361
Islands,North-East,1980,10,133
North-West,Center,1980,10,720
North-East,Center,1980,10,376
Center,Center,1980,10,0
South,Center,1980,10,934
Islands,Center,1980,10,308
North-West,South,1980,10,935
North-East,South,1980,10,247
Center,South,1980,10,736
South,South,1980,10,0
Islands,South,1980,10,140
North-West,Islands,1980,10,582
North-East,Islands,1980,10,113
Center,Islands,1980,10,223
South,Islands,1980,10,160
Islands,Islands,1980,10,0
North-West,North-West,1980,11,0
North-East,North-West,1980,11,449
Center,North-West,1980,11,362
South,North-West,1980,11,719
Islands,North-West,1980,11,366
North-West,North-East,1980,11,912
North-East,North-East,1980,11,0
Center,North-East,1980,11,287
South,North-East,1980,11,290
Islands,North-East,1980,11,122
North-West,Center,1980,11,668
North-East,Center,1980,11,338
Center,Center,1980,11,0
South,Center,1980,11,820
Islands,Center,1980,11,257
North-West,South,1980,11,877
North-East,South,1980,11,209
Center,South,1980,11,695
South,South,1980,11,0
Islands,South,1980,11,116
North-West,Islands,1980,11,562
North-East,Islands,1980,11,111
Center,Islands,1980,11,209
South,Islands,1980,11,143
Islands,Islands,1980,11,0
North-West,North-West,1980,12,0
North-East,North-West,1980,12,437
Center,North-West,1980,12,360
South,North-West,1980,12,618
Islands,North-West,1980,12,332
North-West,North-East,1980,12,1107
North-East,North-East,1980,12,0
Center,North-East,1980,12,329
South,North-East,1980,12,235
Islands,North-East,1980,12,101
North-West,Center,1980,12,721
North-East,Center,1980,12,339
Center,Center,1980,12,0
South,Center,1980,12,732
Islands,Center,1980,12,218
North-West,South,1980,12,950
North-East,South,1980,12,209
Center,South,1980,12,737
South,South,1980,12,0
Islands,South,1980,12,119
North-West,Islands,1980,12,565
North-East,Islands,1980,12,89
Center,Islands,1980,12,227
South,Islands,1980,12,120
Islands,Islands,1980,12,0
North-West,North-West,1980,13,0
North-East,North-West,1980,13,313
Center,North-West,1980,13,241
South,North-West,1980,13,476
Islands,North-West,1980,13,233
North-West,North-East,1980,13,818
North-East,North-East,1980,13,0
Center,North-East,1980,13,254
South,North-East,1980,13,169
Islands,North-East,1980,13,62
North-West,Center,1980,13,481
North-East,Center,1980,13,199
Center,Center,1980,13,0
South,Center,1980,13,455
Islands,Center,1980,13,146
North-West,South,1980,13,702
North-East,South,1980,13,132
Center,South,1980,13,485
South,South,1980,13,0
Islands,South,1980,13,78
North-West,Islands,1980,13,420
North-East,Islands,1980,13,64
Center,Islands,1980,13,138
South,Islands,1980,13,76
Islands,Islands,1980,13,0
North-West,North-West,1980,14,0
North-East,North-West,1980,14,399
Center,North-West,1980,14,247
South,North-West,1980,14,520
Islands,North-West,1980,14,252
North-West,North-East,1980,14,671
North-East,North-East,1980,14,0
Center,North-East,1980,14,261
South,North-East,1980,14,157
Islands,North-East,1980,14,54
North-West,Center,1980,14,437
North-East,Center,1980,14,227
Center,Center,1980,14,0
South,Center,1980,14,539
Islands,Center,1980,14,142
North-West,South,1980,14,566
North-East,South,1980,14,104
Center,South,1980,14,471
South,South,1980,14,0
Islands,South,1980,14,66
North-West,Islands,1980,14,321
North-East,Islands,1980,14,51
Center,Islands,1980,14,146
South,Islands,1980,14,72
Islands,Islands,1980,14,0
North-West,North-West,1980,15,0
North-East,North-West,1980,15,323
Center,North-West,1980,15,209
South,North-West,1980,15,448
Islands,North-West,1980,15,200
North-West,North-East,1980,15,451
North-East,North-East,1980,15,0
Center,North-East,1980,15,164
South,North-East,1980,15,125
Islands,North-East,1980,15,41
North-West,Center,1980,15,289
North-East,Center,1980,15,147
Center,Center,1980,15,0
South,Center,1980,15,372
Islands,Center,1980,15,138
North-West,South,1980,15,340
North-East,South,1980,15,80
Center,South,1980,15,326
South,South,1980,15,0
Islands,South,1980,15,44
North-West,Islands,1980,15,189
North-East,Islands,1980,15,34
Center,Islands,1980,15,99
South,Islands,1980,15,58
Islands,Islands,1980,15,0
North-West,North-West,1980,16,0
North-East,North-West,1980,16,229
Center,North-West,1980,16,155
South,North-West,1980,16,312
Islands,North-West,1980,16,156
North-West,North-East,1980,16,287
North-East,North-East,1980,16,0
Center,North-East,1980,16,115
South,North-East,1980,16,85
Islands,North-East,1980,16,34
North-West,Center,1980,16,170
North-East,Center,1980,16,109
Center,Center,1980,16,0
South,Center,1980,16,263
Islands,Center,1980,16,79
North-West,South,1980,16,190
North-East,South,1980,16,46
Center,South,1980,16,216
South,South,1980,16,0
Islands,South,1980,16,26
North-West,Islands,1980,16,118
North-East,Islands,1980,16,25
Center,Islands,1980,16,59
South,Islands,1980,16,34
Islands,Islands,1980,16,0
North-West,North-West,1980,17,0
North-East,North-West,1980,17,160
Center,North-West,1980,17,102
South,North-West,1980,17,190
Islands,North-West,1980,17,96
North-West,North-East,1980,17,157
North-East,North-East,1980,17,0
Center,North-East,1980,17,82
South,North-East,1980,17,55
Islands,North-East,1980,17,15
North-West,Center,1980,17,106
North-East,Center,1980,17,64
Center,Center,1980,17,0
South,Center,1980,17,154
Islands,Center,1980,17,54
North-West,South,1980,17,101
North-East,South,1980,17,30
Center,South,1980,17,111
South,South,1980,17,0
Islands,South,1980,17,21
North-West,Islands,1980,17,58
North-East,Islands,1980,17,16
Center,Islands,1980,17,36
South,Islands,1980,17,31
Islands,Islands,1980,17,0
North-West,North-West,1980,18,0
North-East,North-West,1980,18,66
Center,North-West,1980,18,35
South,North-West,1980,18,67
Islands,North-West,1980,18,38
North-West,North-East,1980,18,70
North-East,North-East,1980,18,0
Center,North-East,1980,18,40
South,North-East,1980,18,17
Islands,North-East,1980,18,6
North-West,Center,1980,18,60
North-East,Center,1980,18,28
Center,Center,1980,18,0
South,Center,1980,18,68
Islands,Center,1980,18,25
North-West,South,1980,18,46
North-East,South,1980,18,11
Center,South,1980,18,49
South,South,1980,18,0
Islands,South,1980,18,10
North-West,Islands,1980,18,20
North-East,Islands,1980,18,5
Center,Islands,1980,18,18
South,Islands,1980,18,5
Islands,Islands,1980,18,0
North-West,North-West,1980,19,0
North-East,North-West,1980,19,17
Center,North-West,1980,19,14
South,North-West,1980,19,16
Islands,North-West,1980,19,8
North-West,North-East,1980,19,20
North-East,North-East,1980,19,0
Center,North-East,1980,19,9
South,North-East,1980,19,6
Islands,North-East,1980,19,2
North-West,Center,1980,19,15
North-East,Center,1980,19,11
Center,Center,1980,19,0
South,Center,1980,19,18
Islands,Center,1980,19,6
North-West,South,1980,19,10
North-East,South,1980,19,2
Center,South,1980,19,14
South,South,1980,19,0
Islands,South,1980,19,1
North-West,Islands,1980,19,7
North-East,Islands,1980,19,2
Center,Islands,1980,19,8
South,Islands,1980,19,1
Islands,Islands,1980,19,0
North-West,North-West,1980,20,0
North-East,North-West,1980,20,4
Center,North-West,1980,20,2
South,North-West,1980,20,1
Islands,North-West,1980,20,2
North-West,North-East,1980,20,5
North-East,North-East,1980,20,0
Center,North-East,1980,20,3
South,North-East,1980,20,2
Islands,North-East,1980,20,1
North-West,Center,1980,20,2
North-East,Center,1980,20,2
Center,Center,1980,20,0
South,Center,1980,20,6
Islands,Center,1980,20,3
North-West,South,1980,20,2
North-East,South,1980,20,0
Center,South,1980,20,2
South,South,1980,20,0
Islands,South,1980,20,0
North-West,Islands,1980,20,3
North-East,Islands,1980,20,2
Center,Islands,1980,20,1
South,Islands,1980,20,1
Islands,Islands,1980,20,0
North-West,North-West,1985,1,0
North-East,North-West,1985,1,588
Center,North-West,1985,1,590
South,North-West,1985,1,2692
Islands,North-West,1985,1,1411
North-West,North-East,1985,1,681
North-East,North-East,1985,1,0
Center,North-East,1985,1,391
South,North-East,1985,1,1020
Islands,North-East,1985,1,380
North-West,Center,1985,1,887
North-East,Center,1985,1,458
Center,Center,1985,1,0
South,Center,1985,1,1905
Islands,Center,1985,1,654
North-West,South,1985,1,2480
North-East,South,1985,1,722
Center,South,1985,1,1267
South,South,1985,1,0
Islands,South,1985,1,466
North-West,Islands,1985,1,1490
North-East,Islands,1985,1,327
Center,Islands,1985,1,480
South,Islands,1985,1,525
Islands,Islands,1985,1,0
North-West,North-West,1985,2,0
North-East,North-West,1985,2,463
Center,North-West,1985,2,421
South,North-West,1985,2,1694
Islands,North-West,1985,2,951
North-West,North-East,1985,2,652
North-East,North-East,1985,2,0
Center,North-East,1985,2,283
South,North-East,1985,2,690
Islands,North-East,1985,2,293
North-West,Center,1985,2,767
North-East,Center,1985,2,370
Center,Center,1985,2,0
South,Center,1985,2,1407
Islands,Center,1985,2,481
North-West,South,1985,2,2055
North-East,South,1985,2,473
Center,South,1985,2,907
South,South,1985,2,0
Islands,South,1985,2,349
North-West,Islands,1985,2,1212
North-East,Islands,1985,2,248
Center,Islands,1985,2,327
South,Islands,1985,2,355
Islands,Islands,1985,2,0
North-West,North-West,1985,3,0
North-East,North-West,1985,3,482
Center,North-West,1985,3,469
South,North-West,1985,3,1376
Islands,North-West,1985,3,786
North-West,North-East,1985,3,748
North-East,North-East,1985,3,0
Center,North-East,1985,3,341
South,North-East,1985,3,612
Islands,North-East,1985,3,238
North-West,Center,1985,3,806
North-East,Center,1985,3,392
Center,Center,1985,3,0
South,Center,1985,3,1327
Islands,Center,1985,3,514
North-West,South,1985,3,1636
North-East,South,1985,3,399
Center,South,1985,3,768
South,South,1985,3,0
Islands,South,1985,3,261
North-West,Islands,1985,3,1101
North-East,Islands,1985,3,225
Center,Islands,1985,3,324
South,Islands,1985,3,275
Islands,Islands,1985,3,0
North-West,North-West,1985,4,0
North-East,North-West,1985,4,661
Center,North-West,1985,4,614
South,North-West,1985,4,2563
Islands,North-West,1985,4,1524
North-West,North-East,1985,4,887
North-East,North-East,1985,4,0
Center,North-East,1985,4,449
South,North-East,1985,4,1107
Islands,North-East,1985,4,400
North-West,Center,1985,4,862
North-East,Center,1985,4,445
Center,Center,1985,4,0
South,Center,1985,4,2160
Islands,Center,1985,4,846
North-West,South,1985,4,1736
North-East,South,1985,4,458
Center,South,1985,4,923
South,South,1985,4,0
Islands,South,1985,4,322
North-West,Islands,1985,4,1213
North-East,Islands,1985,4,218
Center,Islands,1985,4,472
South,Islands,1985,4,473
Islands,Islands,1985,4,0
North-West,North-West,1985,5,0
North-East,North-West,1985,5,1916
Center,North-West,1985,5,2280
South,North-West,1985,5,7752
Islands,North-West,1985,5,4023
North-West,North-East,1985,5,2003
North-East,North-East,1985,5,0
Center,North-East,1985,5,1763
South,North-East,1985,5,3341
Islands,North-East,1985,5,1179
North-West,Center,1985,5,2043
North-East,Center,1985,5,1259
Center,Center,1985,5,0
South,Center,1985,5,6540
Islands,Center,1985,5,2453
North-West,South,1985,5,3587
North-East,South,1985,5,1133
Center,South,1985,5,2560
South,South,1985,5,0
Islands,South,1985,5,997
North-West,Islands,1985,5,2183
North-East,Islands,1985,5,545
Center,Islands,1985,5,1266
South,Islands,1985,5,1207
Islands,Islands,1985,5,0
North-West,North-West,1985,6,0
North-East,North-West,1985,6,1517
Center,North-West,1985,6,1771
South,North-West,1985,6,5715
Islands,North-West,1985,6,3029
North-West,North-East,1985,6,1649
North-East,North-East,1985,6,0
Center,North-East,1985,6,1236
South,North-East,1985,6,2426
Islands,North-East,1985,6,873
North-West,Center,1985,6,2001
North-East,Center,1985,6,1168
Center,Center,1985,6,0
South,Center,1985,6,4446
Islands,Center,1985,6,1490
North-West,South,1985,6,3494
North-East,South,1985,6,1210
Center,South,1985,6,2384
South,South,1985,6,0
Islands,South,1985,6,721
North-West,Islands,1985,6,2140
North-East,Islands,1985,6,574
Center,Islands,1985,6,1016
South,Islands,1985,6,775
Islands,Islands,1985,6,0
North-West,North-West,1985,7,0
North-East,North-West,1985,7,1010
Center,North-West,1985,7,1006
South,North-West,1985,7,2916
Islands,North-West,1985,7,1616
North-West,North-East,1985,7,1216
North-East,North-East,1985,7,0
Center,North-East,1985,7,722
South,North-East,1985,7,1270
Islands,North-East,1985,7,517
North-West,Center,1985,7,1450
North-East,Center,1985,7,723
Center,Center,1985,7,0
South,Center,1985,7,2454
Islands,Center,1985,7,823
North-West,South,1985,7,2903
North-East,South,1985,7,833
Center,South,1985,7,1530
South,South,1985,7,0
Islands,South,1985,7,456
North-West,Islands,1985,7,1696
North-East,Islands,1985,7,393
Center,Islands,1985,7,592
South,Islands,1985,7,479
Islands,Islands,1985,7,0
North-West,North-West,1985,8,0
North-East,North-West,1985,8,784
Center,North-West,1985,8,739
South,North-West,1985,8,1743
Islands,North-West,1985,8,1005
North-West,North-East,1985,8,1036
North-East,North-East,1985,8,0
Center,North-East,1985,8,530
South,North-East,1985,8,708
Islands,North-East,1985,8,308
North-West,Center,1985,8,1262
North-East,Center,1985,8,599
Center,Center,1985,8,0
South,Center,1985,8,1674
Islands,Center,1985,8,579
North-West,South,1985,8,2146
North-East,South,1985,8,508
Center,South,1985,8,1094
South,South,1985,8,0
Islands,South,1985,8,300
North-West,Islands,1985,8,1361
North-East,Islands,1985,8,298
Center,Islands,1985,8,422
South,Islands,1985,8,345
Islands,Islands,1985,8,0
North-West,North-West,1985,9,0
North-East,North-West,1985,9,591
Center,North-West,1985,9,538
South,North-West,1985,9,946
Islands,North-West,1985,9,544
North-West,North-East,1985,9,787
North-East,North-East,1985,9,0
Center,North-East,1985,9,376
South,North-East,1985,9,390
Islands,North-East,1985,9,189
North-West,Center,1985,9,868
North-East,Center,1985,9,458
Center,Center,1985,9,0
South,Center,1985,9,1075
Islands,Center,1985,9,382
North-West,South,1985,9,1200
North-East,South,1985,9,303
Center,South,1985,9,658
South,South,1985,9,0
Islands,South,1985,9,195
North-West,Islands,1985,9,838
North-East,Islands,1985,9,174
Center,Islands,1985,9,299
South,Islands,1985,9,204
Islands,Islands,1985,9,0
North-West,North-West,1985,10,0
North-East,North-West,1985,10,471
Center,North-West,1985,10,485
South,North-West,1985,10,751
Islands,North-West,1985,10,440
North-West,North-East,1985,10,745
North-East,North-East,1985,10,0
Center,North-East,1985,10,383
South,North-East,1985,10,342
Islands,North-East,1985,10,138
North-West,Center,1985,10,742
North-East,Center,1985,10,391
Center,Center,1985,10,0
South,Center,1985,10,954
Islands,Center,1985,10,384
North-West,South,1985,10,981
North-East,South,1985,10,269
Center,South,1985,10,703
South,South,1985,10,0
Islands,South,1985,10,150
North-West,Islands,1985,10,695
North-East,Islands,1985,10,147
Center,Islands,1985,10,275
South,Islands,1985,10,180
Islands,Islands,1985,10,0
North-West,North-West,1985,11,0
North-East,North-West,1985,11,417
Center,North-West,1985,11,339
South,North-West,1985,11,626
Islands,North-West,1985,11,350
North-West,North-East,1985,11,765
North-East,North-East,1985,11,0
Center,North-East,1985,11,308
South,North-East,1985,11,274
Islands,North-East,1985,11,107
North-West,Center,1985,11,606
North-East,Center,1985,11,306
Center,Center,1985,11,0
South,Center,1985,11,793
Islands,Center,1985,11,264
North-West,South,1985,11,995
North-East,South,1985,11,240
Center,South,1985,11,646
South,South,1985,11,0
Islands,South,1985,11,113
North-West,Islands,1985,11,646
North-East,Islands,1985,11,122
Center,Islands,1985,11,225
South,Islands,1985,11,133
Islands,Islands,1985,11,0
North-West,North-West,1985,12,0
North-East,North-West,1985,12,372
Center,North-West,1985,12,317
South,North-West,1985,12,599
Islands,North-West,1985,12,314
North-West,North-East,1985,12,1055
North-East,North-East,1985,12,0
Center,North-East,1985,12,293
South,North-East,1985,12,250
Islands,North-East,1985,12,109
North-West,Center,1985,12,662
North-East,Center,1985,12,284
Center,Center,1985,12,0
South,Center,1985,12,770
Islands,Center,1985,12,225
North-West,South,1985,12,1098
North-East,South,1985,12,231
Center,South,1985,12,685
South,South,1985,12,0
Islands,South,1985,12,106
North-West,Islands,1985,12,721
North-East,Islands,1985,12,107
Center,Islands,1985,12,229
South,Islands,1985,12,124
Islands,Islands,1985,12,0
North-West,North-West,1985,13,0
North-East,North-West,1985,13,351
Center,North-West,1985,13,309
South,North-West,1985,13,606
Islands,North-West,1985,13,279
North-West,North-East,1985,13,1023
North-East,North-East,1985,13,0
Center,North-East,1985,13,319
South,North-East,1985,13,208
Islands,North-East,1985,13,82
North-West,Center,1985,13,585
North-East,Center,1985,13,242
Center,Center,1985,13,0
South,Center,1985,13,697
Islands,Center,1985,13,183
North-West,South,1985,13,944
North-East,South,1985,13,177
Center,South,1985,13,624
South,South,1985,13,0
Islands,South,1985,13,87
North-West,Islands,1985,13,568
North-East,Islands,1985,13,77
Center,Islands,1985,13,196
South,Islands,1985,13,104
Islands,Islands,1985,13,0
North-West,North-West,1985,14,0
North-East,North-West,1985,14,258
Center,North-West,1985,14,207
South,North-West,1985,14,402
Islands,North-West,1985,14,214
North-West,North-East,1985,14,511
North-East,North-East,1985,14,0
Center,North-East,1985,14,211
South,North-East,1985,14,133
Islands,North-East,1985,14,64
North-West,Center,1985,14,324
North-East,Center,1985,14,135
Center,Center,1985,14,0
South,Center,1985,14,417
Islands,Center,1985,14,132
North-West,South,1985,14,442
North-East,South,1985,14,103
Center,South,1985,14,340
South,South,1985,14,0
Islands,South,1985,14,49
North-West,Islands,1985,14,270
North-East,Islands,1985,14,47
Center,Islands,1985,14,126
South,Islands,1985,14,65
Islands,Islands,1985,14,0
North-West,North-West,1985,15,0
North-East,North-West,1985,15,309
Center,North-West,1985,15,231
South,North-West,1985,15,499
Islands,North-West,1985,15,264
North-West,North-East,1985,15,498
North-East,North-East,1985,15,0
Center,North-East,1985,15,212
South,North-East,1985,15,144
Islands,North-East,1985,15,65
North-West,Center,1985,15,273
North-East,Center,1985,15,150
Center,Center,1985,15,0
South,Center,1985,15,459
Islands,Center,1985,15,141
North-West,South,1985,15,356
North-East,South,1985,15,84
Center,South,1985,15,341
South,South,1985,15,0
Islands,South,1985,15,60
North-West,Islands,1985,15,234
North-East,Islands,1985,15,38
Center,Islands,1985,15,109
South,Islands,1985,15,63
Islands,Islands,1985,15,0
North-West,North-West,1985,16,0
North-East,North-West,1985,16,247
Center,North-West,1985,16,189
South,North-West,1985,16,444
Islands,North-West,1985,16,227
North-West,North-East,1985,16,382
North-East,North-East,1985,16,0
Center,North-East,1985,16,186
South,North-East,1985,16,108
Islands,North-East,1985,16,47
North-West,Center,1985,16,221
North-East,Center,1985,16,129
Center,Center,1985,16,0
South,Center,1985,16,355
Islands,Center,1985,16,117
North-West,South,1985,16,257
North-East,South,1985,16,58
Center,South,1985,16,231
South,South,1985,16,0
Islands,South,1985,16,43
North-West,Islands,1985,16,158
North-East,Islands,1985,16,26
Center,Islands,1985,16,79
South,Islands,1985,16,48
Islands,Islands,1985,16,0
North-West,North-West,1985,17,0
North-East,North-West,1985,17,191
Center,North-West,1985,17,138
South,North-West,1985,17,261
Islands,North-West,1985,17,145
North-West,North-East,1985,17,230
North-East,North-East,1985,17,0
Center,North-East,1985,17,99
South,North-East,1985,17,80
Islands,North-East,1985,17,26
North-West,Center,1985,17,132
North-East,Center,1985,17,73
Center,Center,1985,17,0
South,Center,1985,17,226
Islands,Center,1985,17,66
North-West,South,1985,17,140
North-East,South,1985,17,28
Center,South,1985,17,146
South,South,1985,17,0
Islands,South,1985,17,23
North-West,Islands,1985,17,91
North-East,Islands,1985,17,15
Center,Islands,1985,17,54
South,Islands,1985,17,23
Islands,Islands,1985,17,0
North-West,North-West,1985,18,0
North-East,North-West,1985,18,109
Center,North-West,1985,18,78
South,North-West,1985,18,130
Islands,North-West,1985,18,50
North-West,North-East,1985,18,124
North-East,North-East,1985,18,0
Center,North-East,1985,18,58
South,North-East,1985,18,27
Islands,North-East,1985,18,13
North-West,Center,1985,18,71
North-East,Center,1985,18,38
Center,Center,1985,18,0
South,Center,1985,18,112
Islands,Center,1985,18,36
North-West,South,1985,18,64
North-East,South,1985,18,15
Center,South,1985,18,66
South,South,1985,18,0
Islands,South,1985,18,11
North-West,Islands,1985,18,34
North-East,Islands,1985,18,10
Center,Islands,1985,18,29
South,Islands,1985,18,12
Islands,Islands,1985,18,0
North-West,North-West,1985,19,0
North-East,North-West,1985,19,25
Center,North-West,1985,19,28
South,North-West,1985,19,31
Islands,North-West,1985,19,14
North-West,North-East,1985,19,40
North-East,North-East,1985,19,0
Center,North-East,1985,19,12
South,North-East,1985,19,8
Islands,North-East,1985,19,4
North-West,Center,1985,19,30
North-East,Center,1985,19,13
Center,Center,1985,19,0
South,Center,1985,19,27
Islands,Center,1985,19,11
North-West,South,1985,19,14
North-East,South,1985,19,4
Center,South,1985,19,24
South,South,1985,19,0
Islands,South,1985,19,2
North-West,Islands,1985,19,6
North-East,Islands,1985,19,3
Center,Islands,1985,19,8
South,Islands,1985,19,5
Islands,Islands,1985,19,0
North-West,North-West,1985,20,0
North-East,North-West,1985,20,8
Center,North-West,1985,20,5
South,North-West,1985,20,5
Islands,North-West,1985,20,1
North-West,North-East,1985,20,5
North-East,North-East,1985,20,0
Center,North-East,1985,20,4
South,North-East,1985,20,3
Islands,North-East,1985,20,0
North-West,Center,1985,20,5
North-East,Center,1985,20,3
Center,Center,1985,20,0
South,Center,1985,20,8
Islands,Center,1985,20,5
North-West,South,1985,20,2
North-East,South,1985,20,1
Center,South,1985,20,6
South,South,1985,20,0
Islands,South,1985,20,1
North-West,Islands,1985,20,4
North-East,Islands,1985,20,0
Center,Islands,1985,20,1
South,Islands,1985,20,1
Islands,Islands,1985,20,0
North-West,North-West,1990,1,0
North-East,North-West,1990,1,540
Center,North-West,1990,1,553
South,North-West,1990,1,2914
Islands,North-West,1990,1,1507
North-West,North-East,1990,1,714
North-East,North-East,1990,1,0
Center,North-East,1990,1,401
South,North-East,1990,1,1413
Islands,North-East,1990,1,515
North-West,Center,1990,1,774
North-East,Center,1990,1,403
Center,Center,1990,1,0
South,Center,1990,1,1905
Islands,Center,1990,1,628
North-West,South,1990,1,1792
North-East,South,1990,1,656
Center,South,1990,1,1088
South,South,1990,1,0
Islands,South,1990,1,442
North-West,Islands,1990,1,1259
North-East,Islands,1990,1,312
Center,Islands,1990,1,475
South,Islands,1990,1,559
Islands,Islands,1990,1,0
North-West,North-West,1990,2,0
North-East,North-West,1990,2,339
Center,North-West,1990,2,368
South,North-West,1990,2,1914
Islands,North-West,1990,2,1053
North-West,North-East,1990,2,491
North-East,North-East,1990,2,0
Center,North-East,1990,2,268
South,North-East,1990,2,971
Islands,North-East,1990,2,357
North-West,Center,1990,2,498
North-East,Center,1990,2,260
Center,Center,1990,2,0
South,Center,1990,2,1290
Islands,Center,1990,2,449
North-West,South,1990,2,1249
North-East,South,1990,2,431
Center,South,1990,2,652
South,South,1990,2,0
Islands,South,1990,2,256
North-West,Islands,1990,2,898
North-East,Islands,1990,2,195
Center,Islands,1990,2,308
South,Islands,1990,2,298
Islands,Islands,1990,2,0
North-West,North-West,1990,3,0
North-East,North-West,1990,3,316
Center,North-West,1990,3,325
South,North-West,1990,3,1582
Islands,North-West,1990,3,875
North-West,North-East,1990,3,519
North-East,North-East,1990,3,0
Center,North-East,1990,3,226
South,North-East,1990,3,766
Islands,North-East,1990,3,276
North-West,Center,1990,3,480
North-East,Center,1990,3,197
Center,Center,1990,3,0
South,Center,1990,3,1091
Islands,Center,1990,3,369
North-West,South,1990,3,940
North-East,South,1990,3,296
Center,South,1990,3,494
South,South,1990,3,0
Islands,South,1990,3,208
North-West,Islands,1990,3,657
North-East,Islands,1990,3,159
Center,Islands,1990,3,250
South,Islands,1990,3,226
Islands,Islands,1990,3,0
North-West,North-West,1990,4,0
North-East,North-West,1990,4,455
Center,North-West,1990,4,451
South,North-West,1990,4,2740
Islands,North-West,1990,4,1569
North-West,North-East,1990,4,667
North-East,North-East,1990,4,0
Center,North-East,1990,4,349
South,North-East,1990,4,1310
Islands,North-East,1990,4,484
North-West,Center,1990,4,577
North-East,Center,1990,4,285
Center,Center,1990,4,0
South,Center,1990,4,1674
Islands,Center,1990,4,663
North-West,South,1990,4,1286
North-East,South,1990,4,384
Center,South,1990,4,690
South,South,1990,4,0
Islands,South,1990,4,264
North-West,Islands,1990,4,874
North-East,Islands,1990,4,214
Center,Islands,1990,4,344
South,Islands,1990,4,336
Islands,Islands,1990,4,0
North-West,North-West,1990,5,0
North-East,North-West,1990,5,1732
Center,North-West,1990,5,1537
South,North-West,1990,5,8786
Islands,North-West,1990,5,4322
North-West,North-East,1990,5,2088
North-East,North-East,1990,5,0
Center,North-East,1990,5,1218
South,North-East,1990,5,4396
Islands,North-East,1990,5,1515
North-West,Center,1990,5,1447
North-East,Center,1990,5,786
Center,Center,1990,5,0
South,Center,1990,5,5288
Islands,Center,1990,5,1968
North-West,South,1990,5,3097
North-East,South,1990,5,1047
Center,South,1990,5,1890
South,South,1990,5,0
Islands,South,1990,5,922
North-West,Islands,1990,5,1904
North-East,Islands,1990,5,433
Center,Islands,1990,5,938
South,Islands,1990,5,1148
Islands,Islands,1990,5,0
North-West,North-West,1990,6,0
North-East,North-West,1990,6,1850
Center,North-West,1990,6,1893
South,North-West,1990,6,7036
Islands,North-West,1990,6,3605
North-West,North-East,1990,6,2495
North-East,North-East,1990,6,0
Center,North-East,1990,6,1419
South,North-East,1990,6,3693
Islands,North-East,1990,6,1509
North-West,Center,1990,6,2090
North-East,Center,1990,6,1190
Center,Center,1990,6,0
South,Center,1990,6,5035
Islands,Center,1990,6,1722
North-West,South,1990,6,3357
North-East,South,1990,6,1275
Center,South,1990,6,2664
South,South,1990,6,0
Islands,South,1990,6,908
North-West,Islands,1990,6,2093
North-East,Islands,1990,6,579
Center,Islands,1990,6,1075
South,Islands,1990,6,1057
Islands,Islands,1990,6,0
North-West,North-West,1990,7,0
North-East,North-West,1990,7,1143
Center,North-West,1990,7,1213
South,North-West,1990,7,3933
Islands,North-West,1990,7,2148
North-West,North-East,1990,7,1485
North-East,North-East,1990,7,0
Center,North-East,1990,7,919
South,North-East,1990,7,2068
Islands,North-East,1990,7,949
North-West,Center,1990,7,1388
North-East,Center,1990,7,736
Center,Center,1990,7,0
South,Center,1990,7,2952
Islands,Center,1990,7,912
North-West,South,1990,7,2352
North-East,South,1990,7,798
Center,South,1990,7,1537
South,South,1990,7,0
Islands,South,1990,7,472
North-West,Islands,1990,7,1459
North-East,Islands,1990,7,388
Center,Islands,1990,7,639
South,Islands,1990,7,546
Islands,Islands,1990,7,0
North-West,North-West,1990,8,0
North-East,North-West,1990,8,701
Center,North-West,1990,8,746
South,North-West,1990,8,1889
Islands,North-West,1990,8,1076
North-West,North-East,1990,8,1010
North-East,North-East,1990,8,0
Center,North-East,1990,8,520
South,North-East,1990,8,1046
Islands,North-East,1990,8,487
North-West,Center,1990,8,929
North-East,Center,1990,8,451
Center,Center,1990,8,0
South,Center,1990,8,1564
Islands,Center,1990,8,528
North-West,South,1990,8,1491
North-East,South,1990,8,480
Center,South,1990,8,910
South,South,1990,8,0
Islands,South,1990,8,244
North-West,Islands,1990,8,969
North-East,Islands,1990,8,218
Center,Islands,1990,8,385
South,Islands,1990,8,286
Islands,Islands,1990,8,0
North-West,North-West,1990,9,0
North-East,North-West,1990,9,498
Center,North-West,1990,9,529
South,North-West,1990,9,1270
Islands,North-West,1990,9,742
North-West,North-East,1990,9,780
North-East,North-East,1990,9,0
Center,North-East,1990,9,395
South,North-East,1990,9,622
Islands,North-East,1990,9,290
North-West,Center,1990,9,740
North-East,Center,1990,9,345
Center,Center,1990,9,0
South,Center,1990,9,1131
Islands,Center,1990,9,423
North-West,South,1990,9,1057
North-East,South,1990,9,302
Center,South,1990,9,662
South,South,1990,9,0
Islands,South,1990,9,189
North-West,Islands,1990,9,712
North-East,Islands,1990,9,163
Center,Islands,1990,9,303
South,Islands,1990,9,202
Islands,Islands,1990,9,0
North-West,North-West,1990,10,0
North-East,North-West,1990,10,371
Center,North-West,1990,10,363
South,North-West,1990,10,727
Islands,North-West,1990,10,460
North-West,North-East,1990,10,631
North-East,North-East,1990,10,0
Center,North-East,1990,10,310
South,North-East,1990,10,382
Islands,North-East,1990,10,161
North-West,Center,1990,10,542
North-East,Center,1990,10,269
Center,Center,1990,10,0
South,Center,1990,10,785
Islands,Center,1990,10,292
North-West,South,1990,10,689
North-East,South,1990,10,204
Center,South,1990,10,487
South,South,1990,10,0
Islands,South,1990,10,124
North-West,Islands,1990,10,460
North-East,Islands,1990,10,109
Center,Islands,1990,10,220
South,Islands,1990,10,137
Islands,Islands,1990,10,0
North-West,North-West,1990,11,0
North-East,North-West,1990,11,324
Center,North-West,1990,11,334
South,North-West,1990,11,659
Islands,North-West,1990,11,363
North-West,North-East,1990,11,720
North-East,North-East,1990,11,0
Center,North-East,1990,11,259
South,North-East,1990,11,312
Islands,North-East,1990,11,144
North-West,Center,1990,11,545
North-East,Center,1990,11,247
Center,Center,1990,11,0
South,Center,1990,11,663
Islands,Center,1990,11,250
North-West,South,1990,11,676
North-East,South,1990,11,194
Center,South,1990,11,513
South,South,1990,11,0
Islands,South,1990,11,95
North-West,Islands,1990,11,453
North-East,Islands,1990,11,105
Center,Islands,1990,11,215
South,Islands,1990,11,134
Islands,Islands,1990,11,0
North-West,North-West,1990,12,0
North-East,North-West,1990,12,286
Center,North-West,1990,12,270
South,North-West,1990,12,553
Islands,North-West,1990,12,307
North-West,North-East,1990,12,796
North-East,North-East,1990,12,0
Center,North-East,1990,12,237
South,North-East,1990,12,270
Islands,North-East,1990,12,110
North-West,Center,1990,12,505
North-East,Center,1990,12,225
Center,Center,1990,12,0
South,Center,1990,12,587
Islands,Center,1990,12,215
North-West,South,1990,12,753
North-East,South,1990,12,168
Center,South,1990,12,505
South,South,1990,12,0
Islands,South,1990,12,89
North-West,Islands,1990,12,491
North-East,Islands,1990,12,90
Center,Islands,1990,12,202
South,Islands,1990,12,102
Islands,Islands,1990,12,0
North-West,North-West,1990,13,0
North-East,North-West,1990,13,280
Center,North-West,1990,13,282
South,North-West,1990,13,542
Islands,North-West,1990,13,278
North-West,North-East,1990,13,800
North-East,North-East,1990,13,0
Center,North-East,1990,13,223
South,North-East,1990,13,209
Islands,North-East,1990,13,88
North-West,Center,1990,13,445
North-East,Center,1990,13,191
Center,Center,1990,13,0
South,Center,1990,13,611
Islands,Center,1990,13,180
North-West,South,1990,13,773
North-East,South,1990,13,164
Center,South,1990,13,546
South,South,1990,13,0
Islands,South,1990,13,85
North-West,Islands,1990,13,428
North-East,Islands,1990,13,76
Center,Islands,1990,13,210
South,Islands,1990,13,101
Islands,Islands,1990,13,0
North-West,North-West,1990,14,0
North-East,North-West,1990,14,261
Center,North-West,1990,14,253
South,North-West,1990,14,461
Islands,North-West,1990,14,253
North-West,North-East,1990,14,592
North-East,North-East,1990,14,0
Center,North-East,1990,14,218
South,North-East,1990,14,159
Islands,North-East,1990,14,67
North-West,Center,1990,14,336
North-East,Center,1990,14,167
Center,Center,1990,14,0
South,Center,1990,14,495
Islands,Center,1990,14,140
North-West,South,1990,14,472
North-East,South,1990,14,92
Center,South,1990,14,396
South,South,1990,14,0
Islands,South,1990,14,65
North-West,Islands,1990,14,273
North-East,Islands,1990,14,61
Center,Islands,1990,14,129
South,Islands,1990,14,55
Islands,Islands,1990,14,0
North-West,North-West,1990,15,0
North-East,North-West,1990,15,172
Center,North-West,1990,15,168
South,North-West,1990,15,333
Islands,North-West,1990,15,183
North-West,North-East,1990,15,320
North-East,North-East,1990,15,0
Center,North-East,1990,15,140
South,North-East,1990,15,108
Islands,North-East,1990,15,57
North-West,Center,1990,15,185
North-East,Center,1990,15,92
Center,Center,1990,15,0
South,Center,1990,15,281
Islands,Center,1990,15,87
North-West,South,1990,15,243
North-East,South,1990,15,52
Center,South,1990,15,234
South,South,1990,15,0
Islands,South,1990,15,42
North-West,Islands,1990,15,136
North-East,Islands,1990,15,25
Center,Islands,1990,15,71
South,Islands,1990,15,54
Islands,Islands,1990,15,0
North-West,North-West,1990,16,0
North-East,North-West,1990,16,249
Center,North-West,1990,16,200
South,North-West,1990,16,416
Islands,North-West,1990,16,206
North-West,North-East,1990,16,357
North-East,North-East,1990,16,0
Center,North-East,1990,16,147
South,North-East,1990,16,134
Islands,North-East,1990,16,57
North-West,Center,1990,16,183
North-East,Center,1990,16,99
Center,Center,1990,16,0
South,Center,1990,16,321
Islands,Center,1990,16,100
North-West,South,1990,16,231
North-East,South,1990,16,56
Center,South,1990,16,226
South,South,1990,16,0
Islands,South,1990,16,51
North-West,Islands,1990,16,124
North-East,Islands,1990,16,31
Center,Islands,1990,16,78
South,Islands,1990,16,42
Islands,Islands,1990,16,0
North-West,North-West,1990,17,0
North-East,North-West,1990,17,215
Center,North-West,1990,17,150
South,North-West,1990,17,330
Islands,North-West,1990,17,156
North-West,North-East,1990,17,288
North-East,North-East,1990,17,0
Center,North-East,1990,17,108
South,North-East,1990,17,85
Islands,North-East,1990,17,45
North-West,Center,1990,17,123
North-East,Center,1990,17,80
Center,Center,1990,17,0
South,Center,1990,17,248
Islands,Center,1990,17,81
North-West,South,1990,17,158
North-East,South,1990,17,46
Center,South,1990,17,141
South,South,1990,17,0
Islands,South,1990,17,33
North-West,Islands,1990,17,93
North-East,Islands,1990,17,17
Center,Islands,1990,17,55
South,Islands,1990,17,33
Islands,Islands,1990,17,0
North-West,North-West,1990,18,0
North-East,North-West,1990,18,95
Center,North-West,1990,18,83
South,North-West,1990,18,152
Islands,North-West,1990,18,73
North-West,North-East,1990,18,141
North-East,North-East,1990,18,0
Center,North-East,1990,18,59
South,North-East,1990,18,33
Islands,North-East,1990,18,19
North-West,Center,1990,18,68
North-East,Center,1990,18,45
Center,Center,1990,18,0
South,Center,1990,18,138
Islands,Center,1990,18,50
North-West,South,1990,18,65
North-East,South,1990,18,23
Center,South,1990,18,68
South,South,1990,18,0
Islands,South,1990,18,14
North-West,Islands,1990,18,42
North-East,Islands,1990,18,7
Center,Islands,1990,18,22
South,Islands,1990,18,10
Islands,Islands,1990,18,0
North-West,North-West,1990,19,0
North-East,North-West,1990,19,38
Center,North-West,1990,19,25
South,North-West,1990,19,46
Islands,North-West,1990,19,16
North-West,North-East,1990,19,40
North-East,North-East,1990,19,0
Center,North-East,1990,19,18
South,North-East,1990,19,11
Islands,North-East,1990,19,3
North-West,Center,1990,19,26
North-East,Center,1990,19,14
Center,Center,1990,19,0
South,Center,1990,19,51
Islands,Center,1990,19,15
North-West,South,1990,19,21
North-East,South,1990,19,5
Center,South,1990,19,19
South,South,1990,19,0
Islands,South,1990,19,3
North-West,Islands,1990,19,12
North-East,Islands,1990,19,2
Center,Islands,1990,19,8
South,Islands,1990,19,4
Islands,Islands,1990,19,0
North-West,North-West,1990,20,0
North-East,North-West,1990,20,6
Center,North-West,1990,20,7
South,North-West,1990,20,7
Islands,North-West,1990,20,5
North-West,North-East,1990,20,8
North-East,North-East,1990,20,0
Center,North-East,1990,20,2
South,North-East,1990,20,3
Islands,North-East,1990,20,2
North-West,Center,1990,20,4
North-East,Center,1990,20,3
Center,Center,1990,20,0
South,Center,1990,20,7
Islands,Center,1990,20,2
North-West,South,1990,20,5
North-East,South,1990,20,2
Center,South,1990,20,5
South,South,1990,20,0
Islands,South,1990,20,2
North-West,Islands,1990,20,1
North-East,Islands,1990,20,1
Center,Islands,1990,20,2
South,Islands,1990,20,0
Islands,Islands,1990,20,0
North-West,North-West,1995,1,0
North-East,North-West,1995,1,590
Center,North-West,1995,1,577
South,North-West,1995,1,2531
Islands,North-West,1995,1,1570
North-West,North-East,1995,1,766
North-East,North-East,1995,1,0
Center,North-East,1995,1,484
South,North-East,1995,1,1765
Islands,North-East,1995,1,715
North-West,Center,1995,1,743
North-East,Center,1995,1,444
Center,Center,1995,1,0
South,Center,1995,1,1954
Islands,Center,1995,1,667
North-West,South,1995,1,1442
North-East,South,1995,1,675
Center,South,1995,1,1190
South,South,1995,1,0
Islands,South,1995,1,463
North-West,Islands,1995,1,893
North-East,Islands,1995,1,276
Center,Islands,1995,1,377
South,Islands,1995,1,441
Islands,Islands,1995,1,0
North-West,North-West,1995,2,0
North-East,North-West,1995,2,323
Center,North-West,1995,2,354
South,North-West,1995,2,1758
Islands,North-West,1995,2,1157
North-West,North-East,1995,2,491
North-East,North-East,1995,2,0
Center,North-East,1995,2,280
South,North-East,1995,2,1346
Islands,North-East,1995,2,525
North-West,Center,1995,2,493
North-East,Center,1995,2,260
Center,Center,1995,2,0
South,Center,1995,2,1343
Islands,Center,1995,2,462
North-West,South,1995,2,1013
North-East,South,1995,2,477
Center,South,1995,2,761
South,South,1995,2,0
Islands,South,1995,2,230
North-West,Islands,1995,2,655
North-East,Islands,1995,2,222
Center,Islands,1995,2,281
South,Islands,1995,2,285
Islands,Islands,1995,2,0
North-West,North-West,1995,3,0
North-East,North-West,1995,3,251
Center,North-West,1995,3,259
South,North-West,1995,3,1269
Islands,North-West,1995,3,824
North-West,North-East,1995,3,383
North-East,North-East,1995,3,0
Center,North-East,1995,3,231
South,North-East,1995,3,1013
Islands,North-East,1995,3,406
North-West,Center,1995,3,375
North-East,Center,1995,3,180
Center,Center,1995,3,0
South,Center,1995,3,997
Islands,Center,1995,3,378
North-West,South,1995,3,757
North-East,South,1995,3,302
Center,South,1995,3,522
South,South,1995,3,0
Islands,South,1995,3,151
North-West,Islands,1995,3,509
North-East,Islands,1995,3,148
Center,Islands,1995,3,192
South,Islands,1995,3,152
Islands,Islands,1995,3,0
North-West,North-West,1995,4,0
North-East,North-West,1995,4,296
Center,North-West,1995,4,291
South,North-West,1995,4,1756
Islands,North-West,1995,4,1126
North-West,North-East,1995,4,461
North-East,North-East,1995,4,0
Center,North-East,1995,4,251
South,North-East,1995,4,1251
Islands,North-East,1995,4,480
North-West,Center,1995,4,414
North-East,Center,1995,4,206
Center,Center,1995,4,0
South,Center,1995,4,1124
Islands,Center,1995,4,442
North-West,South,1995,4,878
North-East,South,1995,4,311
Center,South,1995,4,591
South,South,1995,4,0
Islands,South,1995,4,178
North-West,Islands,1995,4,592
North-East,Islands,1995,4,150
Center,Islands,1995,4,207
South,Islands,1995,4,186
Islands,Islands,1995,4,0
North-West,North-West,1995,5,0
North-East,North-West,1995,5,1244
Center,North-West,1995,5,1513
South,North-West,1995,5,6252
Islands,North-West,1995,5,3313
North-West,North-East,1995,5,1652
North-East,North-East,1995,5,0
Center,North-East,1995,5,994
South,North-East,1995,5,4185
Islands,North-East,1995,5,1388
North-West,Center,1995,5,1197
North-East,Center,1995,5,576
Center,Center,1995,5,0
South,Center,1995,5,3787
Islands,Center,1995,5,1206
North-West,South,1995,5,2011
North-East,South,1995,5,894
Center,South,1995,5,1578
South,South,1995,5,0
Islands,South,1995,5,640
North-West,Islands,1995,5,1272
North-East,Islands,1995,5,372
Center,Islands,1995,5,587
South,Islands,1995,5,852
Islands,Islands,1995,5,0
North-West,North-West,1995,6,0
North-East,North-West,1995,6,1786
Center,North-West,1995,6,1758
South,North-West,1995,6,6228
Islands,North-West,1995,6,3271
North-West,North-East,1995,6,2440
North-East,North-East,1995,6,0
Center,North-East,1995,6,1520
South,North-East,1995,6,4644
Islands,North-East,1995,6,1573
North-West,Center,1995,6,1948
North-East,Center,1995,6,1107
Center,Center,1995,6,0
South,Center,1995,6,4820
Islands,Center,1995,6,1438
North-West,South,1995,6,2758
North-East,South,1995,6,1340
Center,South,1995,6,2757
South,South,1995,6,0
Islands,South,1995,6,904
North-West,Islands,1995,6,1600
North-East,Islands,1995,6,518
Center,Islands,1995,6,900
South,Islands,1995,6,997
Islands,Islands,1995,6,0
North-West,North-West,1995,7,0
North-East,North-West,1995,7,1508
Center,North-West,1995,7,1471
South,North-West,1995,7,4189
Islands,North-West,1995,7,2145
North-West,North-East,1995,7,1981
North-East,North-East,1995,7,0
Center,North-East,1995,7,1210
South,North-East,1995,7,2912
Islands,North-East,1995,7,1082
North-West,Center,1995,7,1675
North-East,Center,1995,7,976
Center,Center,1995,7,0
South,Center,1995,7,3573
Islands,Center,1995,7,1063
North-West,South,1995,7,2237
North-East,South,1995,7,1023
Center,South,1995,7,2234
South,South,1995,7,0
Islands,South,1995,7,561
North-West,Islands,1995,7,1285
North-East,Islands,1995,7,446
Center,Islands,1995,7,622
South,Islands,1995,7,629
Islands,Islands,1995,7,0
North-West,North-West,1995,8,0
North-East,North-West,1995,8,833
Center,North-West,1995,8,839
South,North-West,1995,8,2188
Islands,North-West,1995,8,1250
North-West,North-East,1995,8,1114
North-East,North-East,1995,8,0
Center,North-East,1995,8,674
South,North-East,1995,8,1524
Islands,North-East,1995,8,633
North-West,Center,1995,8,1037
North-East,Center,1995,8,561
Center,Center,1995,8,0
South,Center,1995,8,1871
Islands,Center,1995,8,584
North-West,South,1995,8,1438
North-East,South,1995,8,593
Center,South,1995,8,1124
South,South,1995,8,0
Islands,South,1995,8,244
North-West,Islands,1995,8,849
North-East,Islands,1995,8,282
Center,Islands,1995,8,419
South,Islands,1995,8,273
Islands,Islands,1995,8,0
North-West,North-West,1995,9,0
North-East,North-West,1995,9,506
Center,North-West,1995,9,499
South,North-West,1995,9,1120
Islands,North-West,1995,9,740
North-West,North-East,1995,9,740
North-East,North-East,1995,9,0
Center,North-East,1995,9,422
South,North-East,1995,9,848
Islands,North-East,1995,9,362
North-West,Center,1995,9,671
North-East,Center,1995,9,337
Center,Center,1995,9,0
South,Center,1995,9,1025
Islands,Center,1995,9,350
North-West,South,1995,9,894
North-East,South,1995,9,321
Center,South,1995,9,652
South,South,1995,9,0
Islands,South,1995,9,176
North-West,Islands,1995,9,545
North-East,Islands,1995,9,160
Center,Islands,1995,9,225
South,Islands,1995,9,151
Islands,Islands,1995,9,0
North-West,North-West,1995,10,0
North-East,North-West,1995,10,385
Center,North-West,1995,10,411
South,North-West,1995,10,788
Islands,North-West,1995,10,515
North-West,North-East,1995,10,611
North-East,North-East,1995,10,0
Center,North-East,1995,10,319
South,North-East,1995,10,529
Islands,North-East,1995,10,228
North-West,Center,1995,10,582
North-East,Center,1995,10,282
Center,Center,1995,10,0
South,Center,1995,10,748
Islands,Center,1995,10,285
North-West,South,1995,10,683
North-East,South,1995,10,232
Center,South,1995,10,513
South,South,1995,10,0
Islands,South,1995,10,123
North-West,Islands,1995,10,456
North-East,Islands,1995,10,113
Center,Islands,1995,10,192
South,Islands,1995,10,128
Islands,Islands,1995,10,0
North-West,North-West,1995,11,0
North-East,North-West,1995,11,308
Center,North-West,1995,11,275
South,North-West,1995,11,500
Islands,North-West,1995,11,323
North-West,North-East,1995,11,597
North-East,North-East,1995,11,0
Center,North-East,1995,11,243
South,North-East,1995,11,329
Islands,North-East,1995,11,140
North-West,Center,1995,11,478
North-East,Center,1995,11,221
Center,Center,1995,11,0
South,Center,1995,11,538
Islands,Center,1995,11,175
North-West,South,1995,11,596
North-East,South,1995,11,171
Center,South,1995,11,397
South,South,1995,11,0
Islands,South,1995,11,93
North-West,Islands,1995,11,412
North-East,Islands,1995,11,85
Center,Islands,1995,11,159
South,Islands,1995,11,92
Islands,Islands,1995,11,0
North-West,North-West,1995,12,0
North-East,North-West,1995,12,323
Center,North-West,1995,12,257
South,North-West,1995,12,435
Islands,North-West,1995,12,265
North-West,North-East,1995,12,731
North-East,North-East,1995,12,0
Center,North-East,1995,12,234
South,North-East,1995,12,255
Islands,North-East,1995,12,97
North-West,Center,1995,12,525
North-East,Center,1995,12,214
Center,Center,1995,12,0
South,Center,1995,12,510
Islands,Center,1995,12,146
North-West,South,1995,12,723
North-East,South,1995,12,171
Center,South,1995,12,447
South,South,1995,12,0
Islands,South,1995,12,83
North-West,Islands,1995,12,438
North-East,Islands,1995,12,89
Center,Islands,1995,12,166
South,Islands,1995,12,90
Islands,Islands,1995,12,0
North-West,North-West,1995,13,0
North-East,North-West,1995,13,257
Center,North-West,1995,13,225
South,North-West,1995,13,402
Islands,North-West,1995,13,215
North-West,North-East,1995,13,625
North-East,North-East,1995,13,0
Center,North-East,1995,13,177
South,North-East,1995,13,178
Islands,North-East,1995,13,72
North-West,Center,1995,13,402
North-East,Center,1995,13,157
Center,Center,1995,13,0
South,Center,1995,13,477
Islands,Center,1995,13,127
North-West,South,1995,13,651
North-East,South,1995,13,130
Center,South,1995,13,444
South,South,1995,13,0
Islands,South,1995,13,77
North-West,Islands,1995,13,365
North-East,Islands,1995,13,74
Center,Islands,1995,13,146
South,Islands,1995,13,67
Islands,Islands,1995,13,0
North-West,North-West,1995,14,0
North-East,North-West,1995,14,256
Center,North-West,1995,14,227
South,North-West,1995,14,396
Islands,North-West,1995,14,223
North-West,North-East,1995,14,491
North-East,North-East,1995,14,0
Center,North-East,1995,14,164
South,North-East,1995,14,163
Islands,North-East,1995,14,61
North-West,Center,1995,14,348
North-East,Center,1995,14,142
Center,Center,1995,14,0
South,Center,1995,14,424
Islands,Center,1995,14,112
North-West,South,1995,14,465
North-East,South,1995,14,117
Center,South,1995,14,357
South,South,1995,14,0
Islands,South,1995,14,72
North-West,Islands,1995,14,243
North-East,Islands,1995,14,36
Center,Islands,1995,14,125
South,Islands,1995,14,62
Islands,Islands,1995,14,0
North-West,North-West,1995,15,0
North-East,North-West,1995,15,243
Center,North-West,1995,15,215
South,North-West,1995,15,425
Islands,North-West,1995,15,209
North-West,North-East,1995,15,391
North-East,North-East,1995,15,0
Center,North-East,1995,15,172
South,North-East,1995,15,151
Islands,North-East,1995,15,57
North-West,Center,1995,15,262
North-East,Center,1995,15,117
Center,Center,1995,15,0
South,Center,1995,15,381
Islands,Center,1995,15,104
North-West,South,1995,15,326
North-East,South,1995,15,99
Center,South,1995,15,298
South,South,1995,15,0
Islands,South,1995,15,68
North-West,Islands,1995,15,174
North-East,Islands,1995,15,33
Center,Islands,1995,15,99
South,Islands,1995,15,58
Islands,Islands,1995,15,0
North-West,North-West,1995,16,0
North-East,North-West,1995,16,176
Center,North-West,1995,16,136
South,North-West,1995,16,306
Islands,North-West,1995,16,170
North-West,North-East,1995,16,253
North-East,North-East,1995,16,0
Center,North-East,1995,16,105
South,North-East,1995,16,101
Islands,North-East,1995,16,49
North-West,Center,1995,16,157
North-East,Center,1995,16,89
Center,Center,1995,16,0
South,Center,1995,16,241
Islands,Center,1995,16,79
North-West,South,1995,16,188
North-East,South,1995,16,48
Center,South,1995,16,177
South,South,1995,16,0
Islands,South,1995,16,34
North-West,Islands,1995,16,109
North-East,Islands,1995,16,24
Center,Islands,1995,16,53
South,Islands,1995,16,37
Islands,Islands,1995,16,0
North-West,North-West,1995,17,0
North-East,North-West,1995,17,227
Center,North-West,1995,17,163
South,North-West,1995,17,356
Islands,North-West,1995,17,179
North-West,North-East,1995,17,267
North-East,North-East,1995,17,0
Center,North-East,1995,17,128
South,North-East,1995,17,105
Islands,North-East,1995,17,41
North-West,Center,1995,17,172
North-East,Center,1995,17,104
Center,Center,1995,17,0
South,Center,1995,17,270
Islands,Center,1995,17,74
North-West,South,1995,17,171
North-East,South,1995,17,50
Center,South,1995,17,171
South,South,1995,17,0
Islands,South,1995,17,38
North-West,Islands,1995,17,89
North-East,Islands,1995,17,24
Center,Islands,1995,17,60
South,Islands,1995,17,39
Islands,Islands,1995,17,0
North-West,North-West,1995,18,0
North-East,North-West,1995,18,162
Center,North-West,1995,18,99
South,North-West,1995,18,188
Islands,North-West,1995,18,101
North-West,North-East,1995,18,174
North-East,North-East,1995,18,0
Center,North-East,1995,18,82
South,North-East,1995,18,63
Islands,North-East,1995,18,25
North-West,Center,1995,18,113
North-East,Center,1995,18,50
Center,Center,1995,18,0
South,Center,1995,18,147
Islands,Center,1995,18,41
North-West,South,1995,18,82
North-East,South,1995,18,26
Center,South,1995,18,81
South,South,1995,18,0
Islands,South,1995,18,27
North-West,Islands,1995,18,47
North-East,Islands,1995,18,15
Center,Islands,1995,18,32
South,Islands,1995,18,22
Islands,Islands,1995,18,0
North-West,North-West,1995,19,0
North-East,North-West,1995,19,43
Center,North-West,1995,19,35
South,North-West,1995,19,56
Islands,North-West,1995,19,34
North-West,North-East,1995,19,61
North-East,North-East,1995,19,0
Center,North-East,1995,19,23
South,North-East,1995,19,26
Islands,North-East,1995,19,7
North-West,Center,1995,19,34
North-East,Center,1995,19,27
Center,Center,1995,19,0
South,Center,1995,19,51
Islands,Center,1995,19,11
North-West,South,1995,19,26
North-East,South,1995,19,12
Center,South,1995,19,34
South,South,1995,19,0
Islands,South,1995,19,7
North-West,Islands,1995,19,12
North-East,Islands,1995,19,4
Center,Islands,1995,19,7
South,Islands,1995,19,4
Islands,Islands,1995,19,0
North-West,North-West,1995,20,0
North-East,North-West,1995,20,10
Center,North-West,1995,20,7
South,North-West,1995,20,23
Islands,North-West,1995,20,11
North-West,North-East,1995,20,12
North-East,North-East,1995,20,0
Center,North-East,1995,20,4
South,North-East,1995,20,15
Islands,North-East,1995,20,9
North-West,Center,1995,20,15
North-East,Center,1995,20,2
Center,Center,1995,20,0
South,Center,1995,20,18
Islands,Center,1995,20,5
North-West,South,1995,20,10
North-East,South,1995,20,6
Center,South,1995,20,11
South,South,1995,20,0
Islands,South,1995,20,3
North-West,Islands,1995,20,5
North-East,Islands,1995,20,1
Center,Islands,1995,20,3
South,Islands,1995,20,1
Islands,Islands,1995,20,0
North-West,North-West,2000,1,0
North-East,North-West,2000,1,771
Center,North-West,2000,1,705
South,North-West,2000,1,2080
Islands,North-West,2000,1,1321
North-West,North-East,2000,1,903
North-East,North-East,2000,1,0
Center,North-East,2000,1,640
South,North-East,2000,1,2147
Islands,North-East,2000,1,991
North-West,Center,2000,1,824
North-East,Center,2000,1,611
Center,Center,2000,1,0
South,Center,2000,1,2358
Islands,Center,2000,1,751
North-West,South,2000,1,1369
North-East,South,2000,1,1045
Center,South,2000,1,1174
South,South,2000,1,0
Islands,South,2000,1,380
North-West,Islands,2000,1,840
North-East,Islands,2000,1,399
Center,Islands,2000,1,346
South,Islands,2000,1,319
Islands,Islands,2000,1,0
North-West,North-West,2000,2,0
North-East,North-West,2000,2,426
Center,North-West,2000,2,411
South,North-West,2000,2,1511
Islands,North-West,2000,2,1037
North-West,North-East,2000,2,598
North-East,North-East,2000,2,0
Center,North-East,2000,2,404
South,North-East,2000,2,1619
Islands,North-East,2000,2,813
North-West,Center,2000,2,573
North-East,Center,2000,2,339
Center,Center,2000,2,0
South,Center,2000,2,1615
Islands,Center,2000,2,628
North-West,South,2000,2,924
North-East,South,2000,2,606
Center,South,2000,2,773
South,South,2000,2,0
Islands,South,2000,2,218
North-West,Islands,2000,2,637
North-East,Islands,2000,2,280
Center,Islands,2000,2,273
South,Islands,2000,2,212
Islands,Islands,2000,2,0
North-West,North-West,2000,3,0
North-East,North-West,2000,3,285
Center,North-West,2000,3,268
South,North-West,2000,3,1200
Islands,North-West,2000,3,811
North-West,North-East,2000,3,436
North-East,North-East,2000,3,0
Center,North-East,2000,3,285
South,North-East,2000,3,1252
Islands,North-East,2000,3,684
North-West,Center,2000,3,386
North-East,Center,2000,3,259
Center,Center,2000,3,0
South,Center,2000,3,1236
Islands,Center,2000,3,535
North-West,South,2000,3,687
North-East,South,2000,3,391
Center,South,2000,3,508
South,South,2000,3,0
Islands,South,2000,3,134
North-West,Islands,2000,3,471
North-East,Islands,2000,3,198
Center,Islands,2000,3,201
South,Islands,2000,3,128
Islands,Islands,2000,3,0
North-West,North-West,2000,4,0
North-East,North-West,2000,4,319
Center,North-West,2000,4,298
South,North-West,2000,4,1456
Islands,North-West,2000,4,1060
North-West,North-East,2000,4,479
North-East,North-East,2000,4,0
Center,North-East,2000,4,314
South,North-East,2000,4,1513
Islands,North-East,2000,4,781
North-West,Center,2000,4,340
North-East,Center,2000,4,226
Center,Center,2000,4,0
South,Center,2000,4,1396
Islands,Center,2000,4,562
North-West,South,2000,4,702
North-East,South,2000,4,408
Center,South,2000,4,477
South,South,2000,4,0
Islands,South,2000,4,134
North-West,Islands,2000,4,506
North-East,Islands,2000,4,212
Center,Islands,2000,4,193
South,Islands,2000,4,120
Islands,Islands,2000,4,0
North-West,North-West,2000,5,0
North-East,North-West,2000,5,960
Center,North-West,2000,5,1014
South,North-West,2000,5,5279
Islands,North-West,2000,5,2931
North-West,North-East,2000,5,1272
North-East,North-East,2000,5,0
Center,North-East,2000,5,1093
South,North-East,2000,5,5586
Islands,North-East,2000,5,2154
North-West,Center,2000,5,862
North-East,Center,2000,5,592
Center,Center,2000,5,0
South,Center,2000,5,4092
Islands,Center,2000,5,1311
North-West,South,2000,5,1689
North-East,South,2000,5,1301
Center,South,2000,5,1324
South,South,2000,5,0
Islands,South,2000,5,419
North-West,Islands,2000,5,1092
North-East,Islands,2000,5,549
Center,Islands,2000,5,444
South,Islands,2000,5,440
Islands,Islands,2000,5,0
North-West,North-West,2000,6,0
North-East,North-West,2000,6,2081
Center,North-West,2000,6,1995
South,North-West,2000,6,7101
Islands,North-West,2000,6,3827
North-West,North-East,2000,6,2642
North-East,North-East,2000,6,0
Center,North-East,2000,6,2025
South,North-East,2000,6,7242
Islands,North-East,2000,6,2806
North-West,Center,2000,6,2045
North-East,Center,2000,6,1446
Center,Center,2000,6,0
South,Center,2000,6,6754
Islands,Center,2000,6,1941
North-West,South,2000,6,3186
North-East,South,2000,6,2094
Center,South,2000,6,2840
South,South,2000,6,0
Islands,South,2000,6,831
North-West,Islands,2000,6,1527
North-East,Islands,2000,6,810
Center,Islands,2000,6,739
South,Islands,2000,6,793
Islands,Islands,2000,6,0
North-West,North-West,2000,7,0
North-East,North-West,2000,7,1982
Center,North-West,2000,7,2000
South,North-West,2000,7,5222
Islands,North-West,2000,7,2700
North-West,North-East,2000,7,2471
North-East,North-East,2000,7,0
Center,North-East,2000,7,1803
South,North-East,2000,7,4862
Islands,North-East,2000,7,1966
North-West,Center,2000,7,1974
North-East,Center,2000,7,1474
Center,Center,2000,7,0
South,Center,2000,7,5748
Islands,Center,2000,7,1576
North-West,South,2000,7,2643
North-East,South,2000,7,1707
Center,South,2000,7,2354
South,South,2000,7,0
Islands,South,2000,7,653
North-West,Islands,2000,7,1393
North-East,Islands,2000,7,641
Center,Islands,2000,7,665
South,Islands,2000,7,595
Islands,Islands,2000,7,0
North-West,North-West,2000,8,0
North-East,North-West,2000,8,1292
Center,North-West,2000,8,1286
South,North-West,2000,8,2728
Islands,North-West,2000,8,1595
North-West,North-East,2000,8,1665
North-East,North-East,2000,8,0
Center,North-East,2000,8,1166
South,North-East,2000,8,2630
Islands,North-East,2000,8,1199
North-West,Center,2000,8,1448
North-East,Center,2000,8,987
Center,Center,2000,8,0
South,Center,2000,8,3264
Islands,Center,2000,8,986
North-West,South,2000,8,1579
North-East,South,2000,8,956
Center,South,2000,8,1402
South,South,2000,8,0
Islands,South,2000,8,302
North-West,Islands,2000,8,910
North-East,Islands,2000,8,387
Center,Islands,2000,8,473
South,Islands,2000,8,339
Islands,Islands,2000,8,0
North-West,North-West,2000,9,0
North-East,North-West,2000,9,689
Center,North-West,2000,9,730
South,North-West,2000,9,1404
Islands,North-West,2000,9,938
North-West,North-East,2000,9,954
North-East,North-East,2000,9,0
Center,North-East,2000,9,711
South,North-East,2000,9,1407
Islands,North-East,2000,9,680
North-West,Center,2000,9,862
North-East,Center,2000,9,570
Center,Center,2000,9,0
South,Center,2000,9,1639
Islands,Center,2000,9,576
North-West,South,2000,9,948
North-East,South,2000,9,505
Center,South,2000,9,810
South,South,2000,9,0
Islands,South,2000,9,152
North-West,Islands,2000,9,590
North-East,Islands,2000,9,242
Center,Islands,2000,9,284
South,Islands,2000,9,158
Islands,Islands,2000,9,0
North-West,North-West,2000,10,0
North-East,North-West,2000,10,449
Center,North-West,2000,10,427
South,North-West,2000,10,787
Islands,North-West,2000,10,548
North-West,North-East,2000,10,630
North-East,North-East,2000,10,0
Center,North-East,2000,10,385
South,North-East,2000,10,762
Islands,North-East,2000,10,422
North-West,Center,2000,10,567
North-East,Center,2000,10,373
Center,Center,2000,10,0
South,Center,2000,10,984
Islands,Center,2000,10,381
North-West,South,2000,10,621
North-East,South,2000,10,307
Center,South,2000,10,528
South,South,2000,10,0
Islands,South,2000,10,102
North-West,Islands,2000,10,401
North-East,Islands,2000,10,162
Center,Islands,2000,10,185
South,Islands,2000,10,112
Islands,Islands,2000,10,0
North-West,North-West,2000,11,0
North-East,North-West,2000,11,376
Center,North-West,2000,11,329
South,North-West,2000,11,599
Islands,North-West,2000,11,409
North-West,North-East,2000,11,620
North-East,North-East,2000,11,0
Center,North-East,2000,11,303
South,North-East,2000,11,511
Islands,North-East,2000,11,276
North-West,Center,2000,11,545
North-East,Center,2000,11,321
Center,Center,2000,11,0
South,Center,2000,11,810
Islands,Center,2000,11,295
North-West,South,2000,11,618
North-East,South,2000,11,246
Center,South,2000,11,488
South,South,2000,11,0
Islands,South,2000,11,77
North-West,Islands,2000,11,409
North-East,Islands,2000,11,136
Center,Islands,2000,11,178
South,Islands,2000,11,84
Islands,Islands,2000,11,0
North-West,North-West,2000,12,0
North-East,North-West,2000,12,298
Center,North-West,2000,12,250
South,North-West,2000,12,427
Islands,North-West,2000,12,281
North-West,North-East,2000,12,603
North-East,North-East,2000,12,0
Center,North-East,2000,12,253
South,North-East,2000,12,309
Islands,North-East,2000,12,169
North-West,Center,2000,12,507
North-East,Center,2000,12,263
Center,Center,2000,12,0
South,Center,2000,12,608
Islands,Center,2000,12,205
North-West,South,2000,12,619
North-East,South,2000,12,182
Center,South,2000,12,449
South,South,2000,12,0
Islands,South,2000,12,60
North-West,Islands,2000,12,415
North-East,Islands,2000,12,107
Center,Islands,2000,12,175
South,Islands,2000,12,75
Islands,Islands,2000,12,0
North-West,North-West,2000,13,0
North-East,North-West,2000,13,313
Center,North-West,2000,13,255
South,North-West,2000,13,420
Islands,North-West,2000,13,247
North-West,North-East,2000,13,598
North-East,North-East,2000,13,0
Center,North-East,2000,13,241
South,North-East,2000,13,244
Islands,North-East,2000,13,101
North-West,Center,2000,13,465
North-East,Center,2000,13,234
Center,Center,2000,13,0
South,Center,2000,13,632
Islands,Center,2000,13,180
North-West,South,2000,13,625
North-East,South,2000,13,190
Center,South,2000,13,493
South,South,2000,13,0
Islands,South,2000,13,70
North-West,Islands,2000,13,413
North-East,Islands,2000,13,93
Center,Islands,2000,13,170
South,Islands,2000,13,72
Islands,Islands,2000,13,0
North-West,North-West,2000,14,0
North-East,North-West,2000,14,248
Center,North-West,2000,14,186
South,North-West,2000,14,384
Islands,North-West,2000,14,178
North-West,North-East,2000,14,448
North-East,North-East,2000,14,0
Center,North-East,2000,14,201
South,North-East,2000,14,177
Islands,North-East,2000,14,85
North-West,Center,2000,14,332
North-East,Center,2000,14,165
Center,Center,2000,14,0
South,Center,2000,14,522
Islands,Center,2000,14,149
North-West,South,2000,14,462
North-East,South,2000,14,140
Center,South,2000,14,398
South,South,2000,14,0
Islands,South,2000,14,50
North-West,Islands,2000,14,261
North-East,Islands,2000,14,60
Center,Islands,2000,14,137
South,Islands,2000,14,67
Islands,Islands,2000,14,0
North-West,North-West,2000,15,0
North-East,North-West,2000,15,231
Center,North-West,2000,15,210
South,North-West,2000,15,402
Islands,North-West,2000,15,219
North-West,North-East,2000,15,350
North-East,North-East,2000,15,0
Center,North-East,2000,15,149
South,North-East,2000,15,167
Islands,North-East,2000,15,64
North-West,Center,2000,15,267
North-East,Center,2000,15,151
Center,Center,2000,15,0
South,Center,2000,15,486
Islands,Center,2000,15,112
North-West,South,2000,15,331
North-East,South,2000,15,93
Center,South,2000,15,324
South,South,2000,15,0
Islands,South,2000,15,43
North-West,Islands,2000,15,176
North-East,Islands,2000,15,50
Center,Islands,2000,15,119
South,Islands,2000,15,52
Islands,Islands,2000,15,0
North-West,North-West,2000,16,0
North-East,North-West,2000,16,253
Center,North-West,2000,16,186
South,North-West,2000,16,405
Islands,North-West,2000,16,216
North-West,North-East,2000,16,337
North-East,North-East,2000,16,0
Center,North-East,2000,16,160
South,North-East,2000,16,162
Islands,North-East,2000,16,54
North-West,Center,2000,16,228
North-East,Center,2000,16,148
Center,Center,2000,16,0
South,Center,2000,16,444
Islands,Center,2000,16,116
North-West,South,2000,16,243
North-East,South,2000,16,71
Center,South,2000,16,268
South,South,2000,16,0
Islands,South,2000,16,44
North-West,Islands,2000,16,152
North-East,Islands,2000,16,32
Center,Islands,2000,16,87
South,Islands,2000,16,48
Islands,Islands,2000,16,0
North-West,North-West,2000,17,0
North-East,North-West,2000,17,158
Center,North-West,2000,17,133
South,North-West,2000,17,271
Islands,North-West,2000,17,129
North-West,North-East,2000,17,212
North-East,North-East,2000,17,0
Center,North-East,2000,17,91
South,North-East,2000,17,102
Islands,North-East,2000,17,41
North-West,Center,2000,17,132
North-East,Center,2000,17,97
Center,Center,2000,17,0
South,Center,2000,17,300
Islands,Center,2000,17,71
North-West,South,2000,17,141
North-East,South,2000,17,47
Center,South,2000,17,149
South,South,2000,17,0
Islands,South,2000,17,33
North-West,Islands,2000,17,77
North-East,Islands,2000,17,15
Center,Islands,2000,17,52
South,Islands,2000,17,28
Islands,Islands,2000,17,0
North-West,North-West,2000,18,0
North-East,North-West,2000,18,183
Center,North-West,2000,18,124
South,North-West,2000,18,233
Islands,North-West,2000,18,117
North-West,North-East,2000,18,197
North-East,North-East,2000,18,0
Center,North-East,2000,18,112
South,North-East,2000,18,75
Islands,North-East,2000,18,32
North-West,Center,2000,18,102
North-East,Center,2000,18,102
Center,Center,2000,18,0
South,Center,2000,18,235
Islands,Center,2000,18,57
North-West,South,2000,18,94
North-East,South,2000,18,38
Center,South,2000,18,127
South,South,2000,18,0
Islands,South,2000,18,23
North-West,Islands,2000,18,56
North-East,Islands,2000,18,26
Center,Islands,2000,18,38
South,Islands,2000,18,18
Islands,Islands,2000,18,0
North-West,North-West,2000,19,0
North-East,North-West,2000,19,74
Center,North-West,2000,19,59
South,North-West,2000,19,86
Islands,North-West,2000,19,36
North-West,North-East,2000,19,90
North-East,North-East,2000,19,0
Center,North-East,2000,19,36
South,North-East,2000,19,28
Islands,North-East,2000,19,14
North-West,Center,2000,19,56
North-East,Center,2000,19,34
Center,Center,2000,19,0
South,Center,2000,19,97
Islands,Center,2000,19,25
North-West,South,2000,19,48
North-East,South,2000,19,11
Center,South,2000,19,45
South,South,2000,19,0
Islands,South,2000,19,8
North-West,Islands,2000,19,22
North-East,Islands,2000,19,9
Center,Islands,2000,19,13
South,Islands,2000,19,6
Islands,Islands,2000,19,0
North-West,North-West,2000,20,0
North-East,North-West,2000,20,21
Center,North-West,2000,20,16
South,North-West,2000,20,25
Islands,North-West,2000,20,10
North-West,North-East,2000,20,30
North-East,North-East,2000,20,0
Center,North-East,2000,20,11
South,North-East,2000,20,13
Islands,North-East,2000,20,6
North-West,Center,2000,20,22
North-East,Center,2000,20,11
Center,Center,2000,20,0
South,Center,2000,20,32
Islands,Center,2000,20,9
North-West,South,2000,20,21
North-East,South,2000,20,4
Center,South,2000,20,15
South,South,2000,20,0
Islands,South,2000,20,4
North-West,Islands,2000,20,12
North-East,Islands,2000,20,5
Center,Islands,2000,20,3
South,Islands,2000,20,4
Islands,Islands,2000,20,0
